timestamp_sec,direction,type,val1,val2,val3,val4,val5,val6
1773038701.376002,RX,IMU,-808,-196,17892,-273,150,17
1773038701.393967,RX,ODOM,0,0,,,,
1773038701.395742,RX,IMU,-908,-100,17956,-303,133,29
1773038701.413921,RX,ODOM,0,0,,,,
1773038701.415738,RX,IMU,-964,-64,17940,-292,143,18
1773038701.433744,RX,ODOM,0,0,,,,
1773038701.435558,RX,IMU,-928,12,18084,-306,142,27
1773038701.453747,RX,ODOM,0,0,,,,
1773038701.455468,RX,IMU,-840,-112,18040,-302,135,27
1773038701.473519,RX,ODOM,0,0,,,,
1773038701.475396,RX,IMU,-752,-212,18016,-300,123,15
1773038701.493428,RX,ODOM,0,0,,,,
1773038701.495286,RX,IMU,-940,-124,17832,-283,132,10
1773038701.513319,RX,ODOM,0,0,,,,
1773038701.515227,RX,IMU,-1032,32,17972,-305,144,16
1773038701.533213,RX,ODOM,0,0,,,,
1773038701.535109,RX,IMU,-960,64,18012,-300,164,50
1773038701.553176,RX,ODOM,0,0,,,,
1773038701.555017,RX,IMU,-700,-216,18008,-298,138,28
1773038701.572347,TX,VELOCITY,0,0,,,,
1773038701.573244,RX,ODOM,0,0,,,,
1773038701.574942,RX,IMU,-876,-340,17940,-290,129,12
1773038701.592940,RX,ODOM,0,0,,,,
1773038701.594772,RX,IMU,-1032,-108,18016,-299,144,23
1773038701.612848,RX,ODOM,0,0,,,,
1773038701.614766,RX,IMU,-1008,116,17888,-323,154,15
1773038701.632750,RX,ODOM,0,0,,,,
1773038701.634568,RX,IMU,-844,56,18136,-292,155,42
1773038701.652619,RX,ODOM,0,0,,,,
1773038701.654617,RX,IMU,-752,-68,17912,-265,146,45
1773038701.672651,RX,ODOM,0,0,,,,
1773038701.674371,RX,IMU,-792,-304,18008,-293,130,36
1773038701.692515,RX,ODOM,0,0,,,,
1773038701.694309,RX,IMU,-996,-236,17960,-305,151,20
1773038701.712403,RX,ODOM,0,0,,,,
1773038701.714242,RX,IMU,-1060,104,18024,-308,145,19
1773038701.732213,RX,ODOM,0,0,,,,
1773038701.734233,RX,IMU,-800,12,17924,-307,160,27
1773038701.752170,RX,ODOM,0,0,,,,
1773038701.754013,RX,IMU,-800,-100,17948,-301,148,20
1773038701.772076,RX,ODOM,0,0,,,,
1773038701.772262,TX,VELOCITY,0,0,,,,
1773038701.791936,RX,ODOM,0,0,,,,
1773038701.793775,RX,IMU,-936,-92,17924,-292,128,8
1773038701.811836,RX,ODOM,0,0,,,,
1773038701.813705,RX,IMU,-984,-4,18004,-307,133,-5
1773038701.831813,RX,ODOM,0,0,,,,
1773038701.833647,RX,IMU,-880,20,18112,-291,148,42
1773038701.851673,RX,ODOM,0,0,,,,
1773038701.853509,RX,IMU,-856,-16,17948,-302,146,28
1773038701.871538,RX,ODOM,0,0,,,,
1773038701.873384,RX,IMU,-868,-160,17976,-295,152,20
1773038701.891524,RX,ODOM,0,0,,,,
1773038701.893327,RX,IMU,-848,-116,17992,-313,124,14
1773038701.911283,RX,ODOM,0,0,,,,
1773038701.913265,RX,IMU,-912,-80,17988,-322,148,22
1773038701.931211,RX,ODOM,0,0,,,,
1773038701.933184,RX,IMU,-916,28,18008,-296,150,25
1773038701.951118,RX,ODOM,0,0,,,,
1773038701.952951,RX,IMU,-888,16,18024,-309,175,42
1773038701.971033,RX,ODOM,0,0,,,,
1773038701.972254,TX,VELOCITY,0,0,,,,
1773038701.972896,RX,IMU,-904,12,18032,-284,148,25
1773038701.990968,RX,ODOM,0,0,,,,
1773038701.992758,RX,IMU,-848,-264,17976,-285,132,47
1773038702.010897,RX,ODOM,0,0,,,,
1773038702.012741,RX,IMU,-908,-104,17992,-299,85,20
1773038702.030688,RX,ODOM,0,0,,,,
1773038702.032567,RX,IMU,-1040,-72,18024,-296,132,-1
1773038702.050655,RX,ODOM,0,0,,,,
1773038702.052477,RX,IMU,-916,112,17996,-290,143,28
1773038702.070626,RX,ODOM,0,0,,,,
1773038702.072472,RX,IMU,-868,-68,18032,-274,149,35
1773038702.090389,RX,ODOM,0,0,,,,
1773038702.092221,RX,IMU,-828,-232,17976,-317,129,31
1773038702.110399,RX,ODOM,0,0,,,,
1773038702.112126,RX,IMU,-880,-260,18080,-299,166,43
1773038702.130271,RX,ODOM,0,0,,,,
1773038702.150165,RX,ODOM,0,0,,,,
1773038702.151965,RX,IMU,-912,84,18032,-289,137,23
1773038702.170086,RX,ODOM,0,0,,,,
1773038702.171951,RX,IMU,-932,72,17944,-293,169,21
1773038702.172260,TX,VELOCITY,0,0,,,,
1773038702.189952,RX,ODOM,0,0,,,,
1773038702.191816,RX,IMU,-756,-272,18040,-279,135,45
1773038702.209797,RX,ODOM,0,0,,,,
1773038702.211651,RX,IMU,-876,-288,18004,-326,118,26
1773038702.229710,RX,ODOM,0,0,,,,
1773038702.231546,RX,IMU,-1080,-52,17832,-315,122,5
1773038702.249741,RX,ODOM,0,0,,,,
1773038702.251446,RX,IMU,-892,76,17948,-302,147,20
1773038702.269554,RX,ODOM,0,0,,,,
1773038702.271370,RX,IMU,-848,100,17920,-272,159,32
1773038702.289469,RX,ODOM,0,0,,,,
1773038702.291289,RX,IMU,-688,-200,18004,-286,135,36
1773038702.309299,RX,ODOM,0,0,,,,
1773038702.311176,RX,IMU,-820,-300,18044,-302,137,18
1773038702.329293,RX,ODOM,0,0,,,,
1773038702.331066,RX,IMU,-1008,-120,18012,-313,139,20
1773038702.349142,RX,ODOM,0,0,,,,
1773038702.351074,RX,IMU,-996,108,17944,-283,125,14
1773038702.369142,RX,ODOM,0,0,,,,
1773038702.370853,RX,IMU,-876,-4,18004,-279,153,35
1773038702.388883,RX,ODOM,0,0,,,,
1773038702.390745,RX,IMU,-816,-176,17980,-289,166,40
1773038702.408844,RX,ODOM,0,0,,,,
1773038702.410688,RX,IMU,-940,-324,17904,-293,139,18
1773038702.428699,RX,ODOM,0,0,,,,
1773038702.430560,RX,IMU,-960,-172,17940,-312,153,34
1773038702.448621,RX,ODOM,0,0,,,,
1773038702.450485,RX,IMU,-980,56,18016,-293,123,20
1773038702.468595,RX,ODOM,0,0,,,,
1773038702.470412,RX,IMU,-800,-116,17924,-296,170,28
1773038702.488365,RX,ODOM,0,0,,,,
1773038702.490288,RX,IMU,-772,-144,17984,-288,158,32
1773038702.508334,RX,ODOM,0,0,,,,
1773038702.510219,RX,IMU,-860,-272,18020,-300,130,17
1773038702.528265,RX,ODOM,0,0,,,,
1773038702.530024,RX,IMU,-920,-136,18052,-305,140,20
1773038702.548062,RX,ODOM,0,0,,,,
1773038702.549924,RX,IMU,-884,-56,17956,-271,145,31
1773038702.568077,RX,ODOM,0,0,,,,
1773038702.569814,RX,IMU,-920,-12,18024,-286,119,27
1773038702.587955,RX,ODOM,0,0,,,,
1773038702.589723,RX,IMU,-836,-116,17936,-295,153,29
1773038702.607887,RX,ODOM,0,0,,,,
1773038702.609697,RX,IMU,-828,-68,18012,-276,141,45
1773038702.627689,RX,ODOM,0,0,,,,
1773038702.629548,RX,IMU,-892,-108,17760,-293,162,11
1773038702.647646,RX,ODOM,0,0,,,,
1773038702.649486,RX,IMU,-944,-140,17884,-314,130,26
1773038702.667620,RX,ODOM,0,0,,,,
1773038702.669375,RX,IMU,-852,-80,18008,-289,156,18
1773038702.687493,RX,ODOM,0,0,,,,
1773038702.689207,RX,IMU,-884,36,17928,-282,143,19
1773038702.707409,RX,ODOM,0,0,,,,
1773038702.709136,RX,IMU,-776,-140,18012,-296,159,27
1773038702.727178,RX,ODOM,0,0,,,,
1773038702.729034,RX,IMU,-896,-168,18016,-288,137,30
1773038702.747178,RX,ODOM,0,0,,,,
1773038702.749082,RX,IMU,-908,-224,17972,-299,165,18
1773038702.766998,RX,ODOM,0,0,,,,
1773038702.768970,RX,IMU,-908,-28,17916,-303,122,24
1773038702.786938,RX,ODOM,0,0,,,,
1773038702.788827,RX,IMU,-920,112,17988,-289,137,19
1773038702.806936,RX,ODOM,0,0,,,,
1773038702.808671,RX,IMU,-840,-88,17904,-312,169,20
1773038702.826707,RX,ODOM,0,0,,,,
1773038702.828708,RX,IMU,-828,-224,17992,-282,144,20
1773038702.846609,RX,ODOM,0,0,,,,
1773038702.848610,RX,IMU,-816,-184,18012,-293,115,49
1773038702.866563,RX,ODOM,0,0,,,,
1773038702.868359,RX,IMU,-948,-148,17944,-316,120,20
1773038702.886479,RX,ODOM,0,0,,,,
1773038702.888321,RX,IMU,-964,64,18044,-294,144,23
1773038702.906319,RX,ODOM,0,0,,,,
1773038702.908284,RX,IMU,-844,-108,18008,-311,172,39
1773038702.926286,RX,ODOM,0,0,,,,
1773038702.928083,RX,IMU,-832,-300,18020,-296,162,29
1773038702.946201,RX,ODOM,0,0,,,,
1773038702.947986,RX,IMU,-924,-136,17884,-316,139,36
1773038702.966062,RX,ODOM,0,0,,,,
1773038702.967880,RX,IMU,-980,-84,17940,-317,142,19
1773038702.986074,RX,ODOM,0,0,,,,
1773038702.987800,RX,IMU,-1008,144,18016,-306,153,11
1773038703.005943,RX,ODOM,0,0,,,,
1773038703.007689,RX,IMU,-816,-4,17824,-293,187,37
1773038703.025694,RX,ODOM,0,0,,,,
1773038703.027574,RX,IMU,-688,-164,17976,-268,141,33
1773038703.045711,RX,ODOM,0,0,,,,
1773038703.047537,RX,IMU,-1000,-244,17932,-304,138,23
1773038703.065473,RX,ODOM,0,0,,,,
1773038703.067432,RX,IMU,-1048,-120,17964,-320,151,15
1773038703.085426,RX,ODOM,0,0,,,,
1773038703.087235,RX,IMU,-892,80,18032,-290,141,36
1773038703.105325,RX,ODOM,0,0,,,,
1773038703.107175,RX,IMU,-776,4,17904,-294,148,48
1773038703.125266,RX,ODOM,0,0,,,,
1773038703.127050,RX,IMU,-752,-164,17996,-269,159,35
1773038703.145101,RX,ODOM,0,0,,,,
1773038703.146932,RX,IMU,-824,-208,18016,-296,122,23
1773038703.165107,RX,ODOM,0,0,,,,
1773038703.166949,RX,IMU,-928,-136,18060,-319,146,16
1773038703.184961,RX,ODOM,0,0,,,,
1773038703.186784,RX,IMU,-920,-44,17908,-293,136,26
1773038703.204790,RX,ODOM,0,0,,,,
1773038703.206642,RX,IMU,-844,-104,17964,-289,119,32
1773038703.224802,RX,ODOM,0,0,,,,
1773038703.226625,RX,IMU,-860,-196,17876,-319,124,16
1773038703.244749,RX,ODOM,0,0,,,,
1773038703.246458,RX,IMU,-852,-268,17952,-300,147,32
1773038703.264587,RX,ODOM,0,0,,,,
1773038703.266383,RX,IMU,-872,-56,18020,-291,111,34
1773038703.284404,RX,ODOM,0,0,,,,
1773038703.286389,RX,IMU,-892,-120,18036,-306,137,19
1773038703.304312,RX,ODOM,0,0,,,,
1773038703.306182,RX,IMU,-948,-48,17992,-312,136,10
1773038703.324332,RX,ODOM,0,0,,,,
1773038703.326117,RX,IMU,-952,40,18088,-307,145,23
1773038703.344159,RX,ODOM,0,0,,,,
1773038703.346065,RX,IMU,-748,-88,17992,-285,144,19
1773038703.364113,RX,ODOM,0,0,,,,
1773038703.365950,RX,IMU,-896,-80,17904,-293,141,39
1773038703.383943,RX,ODOM,0,0,,,,
1773038703.385800,RX,IMU,-816,-144,18008,-322,127,11
1773038703.403935,RX,ODOM,0,0,,,,
1773038703.405731,RX,IMU,-980,60,18012,-278,142,18
1773038703.423834,RX,ODOM,0,0,,,,
1773038703.425633,RX,IMU,-952,52,18032,-297,141,22
1773038703.443735,RX,ODOM,0,0,,,,
1773038703.445521,RX,IMU,-900,-60,17892,-287,165,36
1773038703.463614,RX,ODOM,0,0,,,,
1773038703.465467,RX,IMU,-792,-316,18096,-295,144,25
1773038703.483601,RX,ODOM,0,0,,,,
1773038703.485344,RX,IMU,-1020,-184,18060,-295,153,32
1773038703.503408,RX,ODOM,0,0,,,,
1773038703.505235,RX,IMU,-1012,-104,18020,-309,136,23
1773038703.523371,RX,ODOM,0,0,,,,
1773038703.525170,RX,IMU,-940,32,18008,-310,123,15
1773038703.543228,RX,ODOM,0,0,,,,
1773038703.545035,RX,IMU,-752,-120,17992,-300,125,48
1773038703.563241,RX,ODOM,0,0,,,,
1773038703.565097,RX,IMU,-820,-212,18036,-296,143,47
1773038703.583050,RX,ODOM,0,0,,,,
1773038703.584939,RX,IMU,-984,-204,18068,-278,156,8
1773038703.603067,RX,ODOM,0,0,,,,
1773038703.605200,RX,IMU,-1028,12,18056,-291,155,11
1773038703.622882,RX,ODOM,0,0,,,,
1773038703.624671,RX,IMU,-960,68,17968,-289,151,24
1773038703.642731,RX,ODOM,0,0,,,,
1773038703.644573,RX,IMU,-792,-12,17888,-289,158,21
1773038703.662751,RX,ODOM,0,0,,,,
1773038703.664491,RX,IMU,-772,-300,17988,-260,157,31
1773038703.682612,RX,ODOM,0,0,,,,
1773038703.702418,RX,ODOM,0,0,,,,
1773038703.704393,RX,IMU,-1064,88,17980,-307,128,27
1773038703.722358,RX,ODOM,0,0,,,,
1773038703.724333,RX,IMU,-804,52,17984,-293,151,22
1773038703.742217,RX,ODOM,0,0,,,,
1773038703.744194,RX,IMU,-872,-4,17832,-299,168,38
1773038703.762134,RX,ODOM,0,0,,,,
1773038703.764108,RX,IMU,-848,-132,17972,-282,122,28
1773038703.782054,RX,ODOM,0,0,,,,
1773038703.783961,RX,IMU,-876,-176,17876,-288,138,10
1773038703.801966,RX,ODOM,0,0,,,,
1773038703.803931,RX,IMU,-1052,-104,17976,-299,136,34
1773038703.821998,RX,ODOM,0,0,,,,
1773038703.823817,RX,IMU,-1044,-4,17972,-297,153,22
1773038703.841912,RX,ODOM,0,0,,,,
1773038703.843697,RX,IMU,-872,-120,17972,-292,179,21
1773038703.861684,RX,ODOM,0,0,,,,
1773038703.863663,RX,IMU,-800,-88,17960,-295,133,24
1773038703.881648,RX,ODOM,0,0,,,,
1773038703.883556,RX,IMU,-908,-200,18000,-296,132,20
1773038703.901507,RX,ODOM,0,0,,,,
1773038703.921488,RX,ODOM,0,0,,,,
1773038703.923333,RX,IMU,-932,-60,18116,-302,138,7
1773038703.941425,RX,ODOM,0,0,,,,
1773038703.943244,RX,IMU,-888,-36,18012,-285,130,16
1773038703.961265,RX,ODOM,0,0,,,,
1773038703.963217,RX,IMU,-828,-56,17956,-286,143,14
1773038703.981181,RX,ODOM,0,0,,,,
1773038703.983024,RX,IMU,-848,-84,17984,-284,155,40
1773038704.001129,RX,ODOM,0,0,,,,
1773038704.002912,RX,IMU,-836,-232,17924,-289,125,33
1773038704.021075,RX,ODOM,0,0,,,,
1773038704.022863,RX,IMU,-928,-148,17948,-311,144,27
1773038704.040930,RX,ODOM,0,0,,,,
1773038704.042721,RX,IMU,-932,24,17900,-320,132,30
1773038704.060755,RX,ODOM,0,0,,,,
1773038704.062714,RX,IMU,-908,20,17984,-298,141,30
1773038704.080702,RX,ODOM,0,0,,,,
1773038704.082661,RX,IMU,-812,-92,18044,-284,135,30
1773038704.100611,RX,ODOM,0,0,,,,
1773038704.102554,RX,IMU,-780,-280,17960,-306,109,35
1773038704.120513,RX,ODOM,0,0,,,,
1773038704.122332,RX,IMU,-936,-124,17924,-289,144,15
1773038704.140493,RX,ODOM,0,0,,,,
1773038704.142276,RX,IMU,-976,-32,17940,-307,123,11
1773038704.160405,RX,ODOM,0,0,,,,
1773038704.162192,RX,IMU,-928,68,17968,-286,145,17
1773038704.180259,RX,ODOM,0,0,,,,
1773038704.182071,RX,IMU,-724,-76,17900,-301,163,60
1773038704.200151,RX,ODOM,0,0,,,,
1773038704.201988,RX,IMU,-820,-252,17996,-281,136,42
1773038704.220020,RX,ODOM,0,0,,,,
1773038704.221988,RX,IMU,-936,-216,18052,-314,133,6
1773038704.239958,RX,ODOM,0,0,,,,
1773038704.241913,RX,IMU,-996,-16,18056,-315,136,27
1773038704.259939,RX,ODOM,0,0,,,,
1773038704.261729,RX,IMU,-828,60,17972,-288,145,39
1773038704.279887,RX,ODOM,0,0,,,,
1773038704.281597,RX,IMU,-800,-36,17888,-275,168,26
1773038704.299728,RX,ODOM,0,0,,,,
1773038704.301520,RX,IMU,-724,-300,18040,-278,176,34
1773038704.319625,RX,ODOM,0,0,,,,
1773038704.321408,RX,IMU,-920,-232,17928,-322,135,22
1773038704.339480,RX,ODOM,0,0,,,,
1773038704.341301,RX,IMU,-960,-148,18004,-307,136,8
1773038704.359396,RX,ODOM,0,0,,,,
1773038704.361257,RX,IMU,-1032,164,17844,-306,141,35
1773038704.379354,RX,ODOM,0,0,,,,
1773038704.381091,RX,IMU,-756,-44,18008,-291,118,12
1773038704.399231,RX,ODOM,0,0,,,,
1773038704.401043,RX,IMU,-856,-220,18028,-299,138,40
1773038704.419147,RX,ODOM,0,0,,,,
1773038704.420949,RX,IMU,-960,-164,18052,-285,129,22
1773038704.439008,RX,ODOM,0,0,,,,
1773038704.458864,RX,ODOM,0,0,,,,
1773038704.460748,RX,IMU,-900,-8,18064,-283,152,23
1773038704.478747,RX,ODOM,0,0,,,,
1773038704.480673,RX,IMU,-964,-36,18024,-293,147,33
1773038704.498727,RX,ODOM,0,0,,,,
1773038704.500476,RX,IMU,-828,-156,17944,-281,137,40
1773038704.518639,RX,ODOM,0,0,,,,
1773038704.520497,RX,IMU,-964,-144,18064,-293,124,18
1773038704.538453,RX,ODOM,0,0,,,,
1773038704.540320,RX,IMU,-1024,-184,17952,-289,142,18
1773038704.558430,RX,ODOM,0,0,,,,
1773038704.560230,RX,IMU,-888,52,18024,-312,130,15
1773038704.578319,RX,ODOM,0,0,,,,
1773038704.580245,RX,IMU,-952,-44,17996,-298,167,28
1773038704.598118,RX,ODOM,0,0,,,,
1773038704.600104,RX,IMU,-864,-120,18036,-276,134,43
1773038704.618097,RX,ODOM,0,0,,,,
1773038704.619933,RX,IMU,-760,-28,17944,-272,150,29
1773038704.638049,RX,ODOM,0,0,,,,
1773038704.639826,RX,IMU,-820,-204,17972,-302,146,30
1773038704.657943,RX,ODOM,0,0,,,,
1773038704.659654,RX,IMU,-912,-12,17968,-298,145,33
1773038704.677767,RX,ODOM,0,0,,,,
1773038704.679625,RX,IMU,-1008,-24,17900,-283,135,18
1773038704.697682,RX,ODOM,0,0,,,,
1773038704.699473,RX,IMU,-820,-16,18044,-308,146,18
1773038704.717576,RX,ODOM,0,0,,,,
1773038704.719396,RX,IMU,-764,-192,18036,-291,118,32
1773038704.737460,RX,ODOM,0,0,,,,
1773038704.739261,RX,IMU,-796,-280,18028,-312,140,23
1773038704.757394,RX,ODOM,0,0,,,,
1773038704.759206,RX,IMU,-968,-184,17920,-281,124,27
1773038704.777324,RX,ODOM,0,0,,,,
1773038704.779083,RX,IMU,-1008,60,17888,-288,141,17
1773038704.797104,RX,ODOM,0,0,,,,
1773038704.799005,RX,IMU,-808,116,18140,-279,139,19
1773038704.817006,RX,ODOM,0,0,,,,
1773038704.818867,RX,IMU,-860,-128,18156,-289,136,45
1773038704.836950,RX,ODOM,0,0,,,,
1773038704.838809,RX,IMU,-780,-332,17940,-291,143,34
1773038704.856758,RX,ODOM,0,0,,,,
1773038704.858740,RX,IMU,-940,-108,18036,-289,126,15
1773038704.876655,RX,ODOM,0,0,,,,
1773038704.878508,RX,IMU,-1056,-36,17996,-278,104,12
1773038704.896654,RX,ODOM,0,0,,,,
1773038704.898456,RX,IMU,-796,-48,17932,-289,145,19
1773038704.916619,RX,ODOM,0,0,,,,
1773038704.918417,RX,IMU,-764,-100,17960,-295,135,47
1773038704.936470,RX,ODOM,0,0,,,,
1773038704.938248,RX,IMU,-908,-308,18060,-298,140,24
1773038704.956249,RX,ODOM,0,0,,,,
1773038704.958218,RX,IMU,-1012,-156,18080,-296,125,16
1773038704.976267,RX,ODOM,0,0,,,,
1773038704.978102,RX,IMU,-1016,-4,18016,-312,136,12
1773038704.996065,RX,ODOM,0,0,,,,
1773038704.997918,RX,IMU,-960,76,17916,-289,146,41
1773038705.016072,RX,ODOM,0,0,,,,
1773038705.017908,RX,IMU,-824,-100,18076,-278,159,40
1773038705.035976,RX,ODOM,0,0,,,,
1773038705.037777,RX,IMU,-840,-240,18024,-279,121,11
1773038705.055763,RX,ODOM,0,0,,,,
1773038705.057613,RX,IMU,-908,-220,18004,-302,149,2
1773038705.075678,RX,ODOM,0,0,,,,
1773038705.077688,RX,IMU,-952,40,18008,-328,150,20
1773038705.095609,RX,ODOM,0,0,,,,
1773038705.097437,RX,IMU,-872,16,18028,-298,143,20
1773038705.115592,RX,ODOM,0,0,,,,
1773038705.117383,RX,IMU,-784,-148,18004,-305,144,41
1773038705.135480,RX,ODOM,0,0,,,,
1773038705.137329,RX,IMU,-828,-184,18072,-279,171,17
1773038705.155297,RX,ODOM,0,0,,,,
1773038705.157269,RX,IMU,-876,-224,18024,-304,142,21
1773038705.175259,RX,ODOM,0,0,,,,
1773038705.177078,RX,IMU,-880,-96,17912,-323,135,11
1773038705.195136,RX,ODOM,0,0,,,,
1773038705.196974,RX,IMU,-860,20,17900,-291,141,11
1773038705.215091,RX,ODOM,0,0,,,,
1773038705.216891,RX,IMU,-872,-64,17980,-276,146,38
1773038705.234947,RX,ODOM,0,0,,,,
1773038705.236748,RX,IMU,-864,-156,17916,-295,128,38
1773038705.254858,RX,ODOM,0,0,,,,
1773038705.256651,RX,IMU,-852,-196,18016,-280,143,21
1773038705.274753,RX,ODOM,0,0,,,,
1773038705.276553,RX,IMU,-860,-192,17868,-303,130,14
1773038705.294694,RX,ODOM,0,0,,,,
1773038705.296490,RX,IMU,-860,-12,17912,-305,111,5
1773038705.314481,RX,ODOM,0,0,,,,
1773038705.316514,RX,IMU,-892,48,17912,-292,147,29
1773038705.334451,RX,ODOM,0,0,,,,
1773038705.336284,RX,IMU,-892,-36,17944,-285,156,26
1773038705.354269,RX,ODOM,0,0,,,,
1773038705.356232,RX,IMU,-844,-204,17940,-302,147,42
1773038705.374220,RX,ODOM,0,0,,,,
1773038705.376045,RX,IMU,-916,-296,17944,-306,143,18
1773038705.394095,RX,ODOM,0,0,,,,
1773038705.395939,RX,IMU,-928,-116,18024,-298,151,11
1773038705.414008,RX,ODOM,0,0,,,,
1773038705.415859,RX,IMU,-916,64,18076,-290,127,19
1773038705.433893,RX,ODOM,0,0,,,,
1773038705.435855,RX,IMU,-780,-120,18020,-281,167,22
1773038705.453841,RX,ODOM,0,0,,,,
1773038705.455711,RX,IMU,-804,-176,18076,-274,143,42
1773038705.473695,RX,ODOM,0,0,,,,
1773038705.475684,RX,IMU,-892,-240,18020,-290,139,21
1773038705.493666,RX,ODOM,0,0,,,,
1773038705.495476,RX,IMU,-1000,-88,18012,-308,145,17
1773038705.513614,RX,ODOM,0,0,,,,
1773038705.515420,RX,IMU,-992,96,18044,-305,128,4
1773038705.533414,RX,ODOM,0,0,,,,
1773038705.535363,RX,IMU,-884,104,18016,-281,145,26
1773038705.553348,RX,ODOM,0,0,,,,
1773038705.555192,RX,IMU,-760,-156,17932,-297,142,47
1773038705.573244,RX,ODOM,0,0,,,,
1773038705.575072,RX,IMU,-880,-304,17996,-288,128,22
1773038705.593243,RX,ODOM,0,0,,,,
1773038705.595049,RX,IMU,-992,-88,18008,-323,160,-2
1773038705.613043,RX,ODOM,0,0,,,,
1773038705.615035,RX,IMU,-912,80,17880,-317,133,14
1773038705.633004,RX,ODOM,0,0,,,,
1773038705.633660,TX,VELOCITY,300,300,,,,
1773038705.634892,RX,IMU,-860,32,17800,-281,147,50
1773038705.652953,RX,ODOM,2,2,,,,
1773038705.654749,RX,IMU,-284,64,18016,-266,137,100
1773038705.672808,RX,ODOM,15,9,,,,
1773038705.674680,RX,IMU,1888,-36,18248,-617,-241,847
1773038705.692774,RX,ODOM,22,17,,,,
1773038705.694583,RX,IMU,1104,1792,17704,211,-294,-676
1773038705.712559,RX,ODOM,29,22,,,,
1773038705.714401,RX,IMU,1492,-512,16432,-125,159,-926
1773038705.732548,RX,ODOM,33,29,,,,
1773038705.734346,RX,IMU,-2804,2644,17124,97,1574,-458
1773038705.742814,TX,VELOCITY,300,300,,,,
1773038705.752355,RX,ODOM,38,34,,,,
1773038705.754236,RX,IMU,1748,4804,17244,535,687,-956
1773038705.772231,TX,VELOCITY,300,300,,,,
1773038705.772378,RX,ODOM,42,40,,,,
1773038705.774218,RX,IMU,-7360,208,19420,-437,658,-640
1773038705.792165,RX,ODOM,50,44,,,,
1773038705.793997,RX,IMU,1472,-1752,17280,-540,-854,-893
1773038705.812133,RX,ODOM,52,48,,,,
1773038705.813959,RX,IMU,-3192,920,20652,-176,-276,-665
1773038705.832074,RX,ODOM,54,51,,,,
1773038705.833878,RX,IMU,-944,-8056,20100,-57,-31,-596
1773038705.851971,RX,ODOM,56,52,,,,
1773038705.858672,TX,VELOCITY,300,300,,,,
1773038705.871897,RX,ODOM,56,54,,,,
1773038705.873590,RX,IMU,-10392,-3928,16468,-853,2899,-205
1773038705.891691,RX,ODOM,58,56,,,,
1773038705.893659,RX,IMU,4940,4720,12892,-823,-445,-160
1773038705.911571,RX,ODOM,59,58,,,,
1773038705.931474,RX,ODOM,60,60,,,,
1773038705.933396,RX,IMU,-1984,-1576,15056,-646,-1449,435
1773038705.951390,RX,ODOM,61,61,,,,
1773038705.953297,RX,IMU,672,-2672,16872,-59,115,472
1773038705.961001,TX,VELOCITY,300,300,,,,
1773038705.971313,RX,ODOM,60,63,,,,
1773038705.972269,TX,VELOCITY,300,300,,,,
1773038705.973251,RX,IMU,1036,-760,26428,12,-397,-448
1773038705.991316,RX,ODOM,60,62,,,,
1773038705.993062,RX,IMU,2044,2100,19168,-157,-813,782
1773038706.011146,RX,ODOM,61,63,,,,
1773038706.031110,RX,ODOM,64,65,,,,
1773038706.032938,RX,IMU,-1852,-4472,16564,-1092,-593,-29
1773038706.050890,RX,ODOM,67,67,,,,
1773038706.052830,RX,IMU,4000,1772,12896,-55,-1347,910
1773038706.069945,TX,VELOCITY,300,300,,,,
1773038706.070795,RX,ODOM,69,68,,,,
1773038706.072677,RX,IMU,2060,356,16088,-1029,493,-336
1773038706.090742,RX,ODOM,69,69,,,,
1773038706.092688,RX,IMU,2060,356,16088,-1029,493,-336
1773038706.110739,RX,ODOM,70,68,,,,
1773038706.112571,RX,IMU,908,3708,14072,-511,340,-269
1773038706.130607,RX,ODOM,72,68,,,,
1773038706.132448,RX,IMU,-320,-1320,25952,-1644,848,359
1773038706.150471,RX,ODOM,72,71,,,,
1773038706.152385,RX,IMU,-7264,-4348,16280,-571,298,157
1773038706.170306,RX,ODOM,71,73,,,,
1773038706.172322,TX,VELOCITY,300,300,,,,
1773038706.172520,RX,IMU,2812,4808,11428,-359,-663,-101
1773038706.180123,TX,VELOCITY,420,180,,,,
1773038706.190278,RX,ODOM,73,72,,,,
1773038706.192081,RX,IMU,-1120,-2968,19624,-608,-986,577
1773038706.210117,RX,ODOM,76,69,,,,
1773038706.212055,RX,IMU,712,2988,10232,-818,1175,129
1773038706.230096,RX,ODOM,80,65,,,,
1773038706.249906,RX,ODOM,85,62,,,,
1773038706.269960,RX,ODOM,89,61,,,,
1773038706.271661,RX,IMU,744,-2608,18556,-967,1858,-3993
1773038706.289721,RX,ODOM,90,59,,,,
1773038706.291250,TX,VELOCITY,420,180,,,,
1773038706.291708,RX,IMU,3856,9816,9776,2,-780,-5011
1773038706.309588,RX,ODOM,94,57,,,,
1773038706.311473,RX,IMU,352,4820,9364,389,-345,-5322
1773038706.329477,RX,ODOM,94,55,,,,
1773038706.331402,RX,IMU,-212,-2744,21688,761,2159,-6470
1773038706.349455,RX,ODOM,97,54,,,,
1773038706.351225,RX,IMU,1284,-1212,16144,700,-398,-5929
1773038706.361564,TX,VELOCITY,300,300,,,,
1773038706.369451,RX,ODOM,99,53,,,,
1773038706.371204,RX,IMU,3972,-1212,18972,-227,1163,-6548
1773038706.372247,TX,VELOCITY,300,300,,,,
1773038706.389241,RX,ODOM,97,56,,,,
1773038706.401173,TX,VELOCITY,300,300,,,,
1773038706.409179,RX,ODOM,95,61,,,,
1773038706.410984,RX,IMU,-7604,-5840,14932,58,1131,-5082
1773038706.428967,RX,ODOM,92,63,,,,
1773038706.448975,RX,ODOM,91,65,,,,
1773038706.450789,RX,IMU,3784,-360,16316,-152,-28,-3891
1773038706.468788,RX,ODOM,88,68,,,,
1773038706.470620,RX,IMU,-4640,-896,14068,1830,-207,-3626
1773038706.488744,RX,ODOM,87,70,,,,
1773038706.490559,RX,IMU,5212,1320,32767,442,-15,-2189
1773038706.508652,RX,ODOM,89,72,,,,
1773038706.510503,RX,IMU,-32768,-4460,27040,1336,-1027,-2041
1773038706.510636,TX,VELOCITY,300,300,,,,
1773038706.528521,RX,ODOM,87,76,,,,
1773038706.530447,RX,IMU,-4976,260,16876,-645,749,-1885
1773038706.548514,RX,ODOM,87,76,,,,
1773038706.550304,RX,IMU,6668,-2320,20620,-392,-646,-1735
1773038706.568369,RX,ODOM,87,76,,,,
1773038706.570269,RX,IMU,1884,6796,32767,-455,50,-1908
1773038706.572247,TX,VELOCITY,300,300,,,,
1773038706.588212,RX,ODOM,88,78,,,,
1773038706.590099,RX,IMU,2248,4324,12376,54,1108,-695
1773038706.608105,RX,ODOM,86,79,,,,
1773038706.610057,RX,IMU,276,1716,25960,6,441,-1492
1773038706.616879,TX,VELOCITY,420,180,,,,
1773038706.627981,RX,ODOM,87,79,,,,
1773038706.629953,RX,IMU,6680,-2436,32767,-1612,1913,-1126
1773038706.647878,RX,ODOM,91,76,,,,
1773038706.649945,RX,IMU,5224,6504,6400,279,619,-1118
1773038706.667980,RX,ODOM,94,74,,,,
1773038706.669766,RX,IMU,1524,5036,13760,214,927,-1279
1773038706.687770,RX,ODOM,97,71,,,,
1773038706.689599,RX,IMU,-128,2800,13176,-616,1722,-4435
1773038706.707629,RX,ODOM,99,69,,,,
1773038706.726640,TX,VELOCITY,420,180,,,,
1773038706.727447,RX,ODOM,103,68,,,,
1773038706.729417,RX,IMU,-32768,-7724,32336,-75,1374,-4406
1773038706.747418,RX,ODOM,103,66,,,,
1773038706.749204,RX,IMU,-2152,856,11124,999,1061,-6465
1773038706.767321,RX,ODOM,106,66,,,,
1773038706.769099,RX,IMU,9092,8888,200,-101,-452,-6340
1773038706.772252,TX,VELOCITY,420,180,,,,
1773038706.787216,RX,ODOM,109,62,,,,
1773038706.789041,RX,IMU,-15588,-10832,18680,-163,2483,-6122
1773038706.807168,RX,ODOM,107,62,,,,
1773038706.809025,RX,IMU,-4936,1132,11716,1162,-1253,-7130
1773038706.827023,RX,ODOM,110,62,,,,
1773038706.828856,RX,IMU,-4556,816,13588,1042,-3065,-7610
1773038706.840236,TX,VELOCITY,420,180,,,,
1773038706.847529,RX,ODOM,116,63,,,,
1773038706.849390,RX,IMU,2272,-4032,11360,-588,-2120,-7978
1773038706.866885,RX,ODOM,110,59,,,,
1773038706.868627,RX,IMU,-2788,-1752,18576,-110,315,-8102
1773038706.886719,RX,ODOM,116,60,,,,
1773038706.888540,RX,IMU,16052,4316,2404,417,-1694,-9926
1773038706.906684,RX,ODOM,118,60,,,,
1773038706.908533,RX,IMU,-7908,-340,17120,321,2562,-9571
1773038706.926552,RX,ODOM,120,59,,,,
1773038706.928379,RX,IMU,-440,-6464,24092,256,1105,-10469
1773038706.946369,RX,ODOM,122,59,,,,
1773038706.947978,TX,VELOCITY,420,180,,,,
1773038706.948265,TX,VELOCITY,300,300,,,,
1773038706.948340,RX,IMU,-4224,2912,16672,347,1235,-10791
1773038706.966367,RX,ODOM,124,58,,,,
1773038706.968147,RX,IMU,2560,6536,32767,279,1035,-9554
1773038706.972240,TX,VELOCITY,300,300,,,,
1773038706.986192,RX,ODOM,122,64,,,,
1773038706.988074,RX,IMU,1608,-820,30504,-562,1188,-10307
1773038707.006097,RX,ODOM,119,70,,,,
1773038707.007982,RX,IMU,-4220,4884,-1096,483,2113,-8758
1773038707.026085,RX,ODOM,119,72,,,,
1773038707.027899,RX,IMU,-8448,-3404,7316,547,1589,-8934
1773038707.045994,RX,ODOM,118,76,,,,
1773038707.047797,RX,IMU,2052,372,17484,828,-1219,-7237
1773038707.060196,TX,VELOCITY,300,300,,,,
1773038707.067563,RX,ODOM,127,84,,,,
1773038707.069467,RX,IMU,4644,1944,32767,-118,1075,-4361
1773038707.086732,RX,ODOM,109,78,,,,
1773038707.088597,RX,IMU,10980,-512,15072,1629,621,-3960
1773038707.110856,RX,ODOM,134,102,,,,
1773038707.130565,RX,ODOM,108,84,,,,
1773038707.150388,RX,ODOM,110,88,,,,
1773038707.152225,RX,IMU,-13684,-4512,17360,-1345,4666,-2761
1773038707.165187,TX,VELOCITY,420,180,,,,
1773038707.172214,TX,VELOCITY,420,180,,,,
1773038707.172573,RX,ODOM,120,101,,,,
1773038707.174424,RX,IMU,10936,-20,6744,-768,2864,-3490
1773038707.192161,RX,ODOM,108,87,,,,
1773038707.194028,RX,IMU,22588,-4840,5872,-586,-1248,-3492
1773038707.212089,RX,ODOM,114,84,,,,
1773038707.213908,RX,IMU,-3928,-148,7328,662,2888,-3558
1773038707.231924,RX,ODOM,114,80,,,,
1773038707.233918,RX,IMU,6516,-5528,10872,594,-1953,-4018
1773038707.251821,RX,ODOM,116,77,,,,
1773038707.253685,RX,IMU,-8692,4368,12256,490,1099,-4494
1773038707.271747,RX,ODOM,115,76,,,,
1773038707.275752,TX,VELOCITY,420,180,,,,
1773038707.291671,RX,ODOM,117,75,,,,
1773038707.293533,RX,IMU,-13076,6728,9968,669,-5118,-7441
1773038707.311590,RX,ODOM,116,72,,,,
1773038707.313427,RX,IMU,-25728,7084,16660,695,-4486,-7534
1773038707.331381,RX,ODOM,118,70,,,,
1773038707.333233,RX,IMU,-32768,-4492,32292,51,868,-7343
1773038707.351271,RX,ODOM,121,69,,,,
1773038707.353256,RX,IMU,-32768,-4016,32767,1159,2000,-7931
1773038707.371167,RX,ODOM,121,67,,,,
1773038707.372243,TX,VELOCITY,420,180,,,,
1773038707.373034,RX,IMU,-8860,-11148,10256,282,6133,-8526
1773038707.381400,TX,VELOCITY,420,180,,,,
1773038707.391063,RX,ODOM,122,66,,,,
1773038707.405947,TX,VELOCITY,300,300,,,,
1773038707.413367,RX,ODOM,139,72,,,,
1773038707.415264,RX,IMU,976,-5968,15464,267,1544,-8467
1773038707.432870,RX,ODOM,119,66,,,,
1773038707.452715,RX,ODOM,118,72,,,,
1773038707.454608,RX,IMU,6316,-1472,5960,-769,5431,-8749
1773038707.472598,RX,ODOM,115,76,,,,
1773038707.474452,RX,IMU,-7268,4524,15224,-261,802,-6526
1773038707.491651,TX,VELOCITY,300,300,,,,
1773038707.492553,RX,ODOM,113,78,,,,
1773038707.494367,RX,IMU,2084,-5532,24972,1028,-566,-5484
1773038707.512489,RX,ODOM,110,80,,,,
1773038707.514285,RX,IMU,7800,-3180,32767,-1005,2417,-4742
1773038707.532300,RX,ODOM,110,80,,,,
1773038707.534165,RX,IMU,-32768,-4888,32767,989,-2922,-4309
1773038707.552205,RX,ODOM,110,85,,,,
1773038707.554095,RX,IMU,1932,-2520,32767,342,-408,-3603
1773038707.572020,RX,ODOM,108,86,,,,
1773038707.572260,TX,VELOCITY,300,300,,,,
1773038707.573922,RX,IMU,14012,-3384,10268,-380,-350,-3120
1773038707.591947,RX,ODOM,108,88,,,,
1773038707.593789,RX,IMU,1052,5380,5620,-580,4406,-3122
1773038707.603727,TX,VELOCITY,300,300,,,,
1773038707.613549,RX,ODOM,116,95,,,,
1773038707.632670,RX,ODOM,104,85,,,,
1773038707.652624,RX,ODOM,106,89,,,,
1773038707.672537,RX,ODOM,108,89,,,,
1773038707.674372,RX,IMU,-3376,-8156,2900,-829,5468,-1897
1773038707.692488,RX,ODOM,106,91,,,,
1773038707.694261,RX,IMU,7324,-2020,6112,76,2531,-2347
1773038707.712104,TX,VELOCITY,300,300,,,,
1773038707.712236,RX,ODOM,106,90,,,,
1773038707.732252,RX,ODOM,106,92,,,,
1773038707.752039,RX,ODOM,107,92,,,,
1773038707.754005,RX,IMU,-5348,6528,6720,517,-743,-2669
1773038707.771921,RX,ODOM,107,92,,,,
1773038707.772603,TX,VELOCITY,300,300,,,,
1773038707.773937,RX,IMU,4224,728,32767,552,-331,-2443
1773038707.791933,RX,ODOM,106,92,,,,
1773038707.793684,RX,IMU,6636,-8324,6312,-472,5022,-1947
1773038707.811736,RX,ODOM,107,93,,,,
1773038707.813618,RX,IMU,9244,-6972,26136,-1496,2969,-2010
1773038707.822085,TX,VELOCITY,300,300,,,,
1773038707.831639,RX,ODOM,107,94,,,,
1773038707.833500,RX,IMU,-32768,-5396,30304,-502,516,-2169
1773038707.851485,RX,ODOM,106,94,,,,
1773038707.853371,RX,IMU,16384,216,9700,-946,-4439,-2275
1773038707.871431,RX,ODOM,108,95,,,,
1773038707.873326,RX,IMU,16196,-136,4900,-379,1506,-2088
1773038707.891274,RX,ODOM,106,94,,,,
1773038707.893135,RX,IMU,-1132,2820,7896,556,810,-2315
1773038707.911165,RX,ODOM,107,95,,,,
1773038707.913096,RX,IMU,3220,972,32767,380,-2820,-1676
1773038707.931069,RX,ODOM,107,95,,,,
1773038707.940410,TX,VELOCITY,300,300,,,,
1773038707.951059,RX,ODOM,105,96,,,,
1773038707.952860,RX,IMU,-9108,-15632,9672,-569,3761,-903
1773038707.970960,RX,ODOM,105,98,,,,
1773038707.972217,TX,VELOCITY,300,300,,,,
1773038707.972793,RX,IMU,-14808,11700,12376,982,-5082,-832
1773038707.990850,RX,ODOM,104,99,,,,
1773038707.992707,RX,IMU,16008,-1120,5280,-239,-2038,196
1773038708.010754,RX,ODOM,104,101,,,,
1773038708.030571,RX,ODOM,103,101,,,,
1773038708.032441,RX,IMU,-5584,960,9764,64,141,-613
1773038708.038226,TX,VELOCITY,300,300,,,,
1773038708.050489,RX,ODOM,103,101,,,,
1773038708.052384,RX,IMU,-4636,-6096,19884,460,-1045,-234
1773038708.070382,RX,ODOM,102,98,,,,
1773038708.090301,RX,ODOM,102,99,,,,
1773038708.092141,RX,IMU,-32768,-9840,32480,200,64,-1328
1773038708.110171,RX,ODOM,102,98,,,,
1773038708.112032,RX,IMU,-32768,-9840,32480,200,64,-1328
1773038708.130090,RX,ODOM,102,98,,,,
1773038708.131925,RX,IMU,8780,7604,2600,646,-7446,-1086
1773038708.149009,TX,VELOCITY,300,300,,,,
1773038708.150006,RX,ODOM,102,97,,,,
1773038708.151855,RX,IMU,8724,-3020,9504,-607,-323,-805
1773038708.169901,RX,ODOM,103,97,,,,
1773038708.171824,RX,IMU,2724,5656,8732,-912,2050,-613
1773038708.172215,TX,VELOCITY,300,300,,,,
1773038708.189747,RX,ODOM,101,96,,,,
1773038708.191630,RX,IMU,-9660,4904,11536,-225,-628,-818
1773038708.209641,RX,ODOM,102,97,,,,
1773038708.211542,RX,IMU,-5680,-5200,15964,267,121,-516
1773038708.229562,RX,ODOM,102,98,,,,
1773038708.231424,RX,IMU,3040,868,32767,-1613,739,107
1773038708.249447,RX,ODOM,102,100,,,,
1773038708.251383,RX,IMU,10832,-2192,23568,-1288,4920,-828
1773038708.260549,TX,VELOCITY,300,300,,,,
1773038708.269351,RX,ODOM,102,99,,,,
1773038708.271366,RX,IMU,-32768,-11896,28668,-558,3777,-970
1773038708.289322,RX,ODOM,102,99,,,,
1773038708.291130,RX,IMU,-24172,-2664,18528,-15,1890,6
1773038708.309198,RX,ODOM,106,98,,,,
1773038708.311167,RX,IMU,15692,3012,7776,-235,-500,-800
1773038708.329099,RX,ODOM,104,100,,,,
1773038708.331028,RX,IMU,3060,1740,32767,162,2444,-943
1773038708.349001,RX,ODOM,106,100,,,,
1773038708.350857,RX,IMU,-14904,-6408,13444,1171,2494,-1074
1773038708.367958,TX,VELOCITY,180,420,,,,
1773038708.368962,RX,ODOM,109,101,,,,
1773038708.370700,RX,IMU,2064,4624,12748,-856,-2490,-304
1773038708.372198,TX,VELOCITY,180,420,,,,
1773038708.388757,RX,ODOM,109,102,,,,
1773038708.390726,RX,IMU,12312,4160,32767,-1480,1625,-619
1773038708.408726,RX,ODOM,104,105,,,,
1773038708.410561,RX,IMU,4188,1996,9056,-89,902,-290
1773038708.428544,RX,ODOM,102,111,,,,
1773038708.430386,RX,IMU,712,-2080,32767,305,5,1907
1773038708.448558,RX,ODOM,99,113,,,,
1773038708.450317,RX,IMU,712,-2080,32767,305,5,1907
1773038708.468513,RX,ODOM,97,118,,,,
1773038708.470323,RX,IMU,1160,6892,32767,-72,1090,3811
1773038708.477663,TX,VELOCITY,180,420,,,,
1773038708.488251,RX,ODOM,92,120,,,,
1773038708.490191,RX,IMU,9264,-248,32767,72,311,4078
1773038708.508257,RX,ODOM,90,120,,,,
1773038708.510090,RX,IMU,1304,-9072,1496,-74,5120,3874
1773038708.528088,RX,ODOM,89,123,,,,
1773038708.530014,RX,IMU,-5316,-11236,7108,-1037,6708,5792
1773038708.547992,RX,ODOM,87,125,,,,
1773038708.549824,RX,IMU,-27224,-3312,24108,-1355,-824,5899
1773038708.567835,RX,ODOM,86,128,,,,
1773038708.569651,RX,IMU,-32768,-2516,24732,-1312,1091,6790
1773038708.572218,TX,VELOCITY,180,420,,,,
1773038708.586014,TX,VELOCITY,180,420,,,,
1773038708.587736,RX,ODOM,85,130,,,,
1773038708.589568,RX,IMU,21468,528,5368,-896,-5015,7567
1773038708.596158,TX,VELOCITY,300,300,,,,
1773038708.608572,RX,ODOM,85,136,,,,
1773038708.610332,RX,IMU,21268,240,7080,170,-753,7727
1773038708.627582,RX,ODOM,78,121,,,,
1773038708.629423,RX,IMU,17428,-3376,13776,495,-3561,6907
1773038708.647421,RX,ODOM,88,123,,,,
1773038708.649347,RX,IMU,5228,2968,6792,-280,446,6877
1773038708.667263,RX,ODOM,92,121,,,,
1773038708.669137,RX,IMU,-6540,1452,8988,-61,-1551,4864
1773038708.687228,RX,ODOM,92,121,,,,
1773038708.694164,TX,VELOCITY,300,300,,,,
1773038708.707110,RX,ODOM,96,118,,,,
1773038708.709008,RX,IMU,524,7508,32767,1049,3919,2488
1773038708.727104,RX,ODOM,96,113,,,,
1773038708.728814,RX,IMU,9652,-3384,13116,-905,-2970,2962
1773038708.746931,RX,ODOM,98,115,,,,
1773038708.748706,RX,IMU,-4816,2568,-3824,-77,1755,1174
1773038708.766734,RX,ODOM,100,113,,,,
1773038708.768602,RX,IMU,-31888,2140,17456,1416,-4216,1066
1773038708.772262,TX,VELOCITY,300,300,,,,
1773038708.786719,RX,ODOM,102,111,,,,
1773038708.788593,RX,IMU,-13432,9212,12488,-458,-719,2355
1773038708.801676,TX,VELOCITY,152,-152,,,,
1773038708.809146,RX,ODOM,115,126,,,,
1773038708.811054,RX,IMU,6392,1336,32767,-1027,-515,-515
1773038708.811195,TX,VELOCITY,152,-152,,,,
1773038708.828481,RX,ODOM,98,101,,,,
1773038708.830281,RX,IMU,-32768,-5792,24124,1394,227,923
1773038708.848354,RX,ODOM,98,87,,,,
1773038708.850303,RX,IMU,236,-2400,17736,-1469,884,791
1773038708.868376,RX,ODOM,94,78,,,,
1773038708.870080,RX,IMU,5256,11524,10624,91,2706,-2494
1773038708.888257,RX,ODOM,91,68,,,,
1773038708.890076,RX,IMU,7352,-2476,15564,-46,-1239,-3950
1773038708.908137,RX,ODOM,88,61,,,,
1773038708.909963,RX,IMU,7468,-2796,9864,-1243,3215,-4231
1773038708.915453,TX,VELOCITY,152,-152,,,,
1773038708.915730,TX,VELOCITY,0,0,,,,
1773038708.915916,TX,VELOCITY,-300,-300,,,,
1773038708.928327,RX,ODOM,87,55,,,,
1773038708.930200,RX,IMU,2620,2896,16920,324,-1260,-6089
1773038708.947902,RX,ODOM,79,46,,,,
1773038708.967778,RX,ODOM,72,45,,,,
1773038708.969626,RX,IMU,4492,-140,13940,454,-2594,-6536
1773038708.972206,TX,VELOCITY,-300,-300,,,,
1773038708.987670,RX,ODOM,68,39,,,,
1773038708.989547,RX,IMU,-2588,-4964,18428,-417,-93,-5053
1773038709.007660,RX,ODOM,36,16,,,,
1773038709.009591,RX,IMU,-3036,204,16032,-179,139,-3829
1773038709.024103,TX,VELOCITY,-420,-180,,,,
1773038709.031616,RX,ODOM,10,-2,,,,
1773038709.033409,RX,IMU,-7104,-3032,18512,-176,2409,-1160
1773038709.051522,RX,ODOM,-12,-9,,,,
1773038709.053379,RX,IMU,-4120,-2248,17428,-529,1885,751
1773038709.071265,RX,ODOM,-27,-11,,,,
1773038709.073246,RX,IMU,-716,-2880,13060,-633,-556,3136
1773038709.091246,RX,ODOM,-37,-14,,,,
1773038709.093056,RX,IMU,-3408,-1868,17168,-629,-2865,4761
1773038709.111077,RX,ODOM,-47,-16,,,,
1773038709.112938,RX,IMU,-17268,5916,32767,524,-7935,4560
1773038709.130982,RX,ODOM,-56,-20,,,,
1773038709.132823,RX,IMU,6836,-5824,12196,-573,281,5283
1773038709.137258,TX,VELOCITY,-420,-180,,,,
1773038709.150923,RX,ODOM,-67,-24,,,,
1773038709.152818,RX,IMU,-4328,-5004,16396,-651,2576,5844
1773038709.170851,RX,ODOM,-75,-28,,,,
1773038709.172208,TX,VELOCITY,-420,-180,,,,
1773038709.172684,RX,IMU,-3724,644,17516,-1189,2004,7580
1773038709.190761,RX,ODOM,-79,-32,,,,
1773038709.192586,RX,IMU,-3068,1592,32767,-1619,1294,8669
1773038709.210727,RX,ODOM,-83,-34,,,,
1773038709.212422,RX,IMU,2096,-20,19072,-1258,-551,9094
1773038709.230536,RX,ODOM,-85,-34,,,,
1773038709.232343,RX,IMU,-5340,2244,12220,-1023,711,8683
1773038709.243335,TX,VELOCITY,-420,-180,,,,
1773038709.250749,RX,ODOM,-90,-34,,,,
1773038709.252578,RX,IMU,908,-1495,-258,-258,-258,-258
1773038709.270280,RX,ODOM,-90,-35,,,,
1773038709.272120,RX,IMU,8264,184,6804,-1855,-976,8628
1773038709.290218,RX,ODOM,-96,-37,,,,
1773038709.292125,RX,IMU,4508,2428,3716,-2111,556,8843
1773038709.310046,RX,ODOM,-97,-38,,,,
1773038709.311752,TX,VELOCITY,-300,-300,,,,
1773038709.329959,RX,ODOM,-99,-40,,,,
1773038709.331845,RX,IMU,-5176,-472,32767,-2022,-1354,9178
1773038709.349847,RX,ODOM,-96,-48,,,,
1773038709.351742,RX,IMU,-888,6676,11552,-577,5,9081
1773038709.352581,TX,VELOCITY,-300,-300,,,,
1773038709.369800,RX,ODOM,-94,-54,,,,
1773038709.371595,RX,IMU,532,1956,11368,-952,-248,8054
1773038709.372194,TX,VELOCITY,-300,-300,,,,
1773038709.389628,RX,ODOM,-92,-57,,,,
1773038709.391478,RX,IMU,-9860,-4300,17264,-383,2908,6343
1773038709.409530,RX,ODOM,-94,-60,,,,
1773038709.411497,RX,IMU,8120,7136,10444,-1039,502,5659
1773038709.429556,RX,ODOM,-92,-61,,,,
1773038709.431310,RX,IMU,-12432,-5224,20232,-1980,3009,4641
1773038709.449439,RX,ODOM,-91,-63,,,,
1773038709.451214,RX,IMU,-1760,-432,13992,-1324,94,4056
1773038709.459405,TX,VELOCITY,-180,-420,,,,
1773038709.469316,RX,ODOM,-91,-65,,,,
1773038709.489143,RX,ODOM,-87,-70,,,,
1773038709.491072,RX,IMU,-1768,864,32767,-1992,-801,2200
1773038709.509064,RX,ODOM,-83,-79,,,,
1773038709.510971,RX,IMU,6052,2500,14348,153,-797,1340
1773038709.529141,RX,ODOM,-79,-85,,,,
1773038709.530848,RX,IMU,-13188,-2336,14708,543,1171,158
1773038709.548916,RX,ODOM,-76,-89,,,,
1773038709.568759,RX,ODOM,-74,-92,,,,
1773038709.570709,RX,IMU,8608,920,18604,324,-3207,-2407
1773038709.571062,TX,VELOCITY,-180,-420,,,,
1773038709.572163,TX,VELOCITY,-180,-420,,,,
1773038709.588658,RX,ODOM,-71,-94,,,,
1773038709.590505,RX,IMU,-2700,5312,32767,-599,1086,-3349
1773038709.608559,RX,ODOM,-70,-97,,,,
1773038709.610368,RX,IMU,7592,-2736,13364,-1077,-1122,-4016
1773038709.628462,RX,ODOM,-70,-100,,,,
1773038709.630320,RX,IMU,500,-2924,13272,-729,-165,-4556
1773038709.648428,RX,ODOM,-68,-102,,,,
1773038709.650159,RX,IMU,1356,980,13648,-376,-1255,-5921
1773038709.668201,RX,ODOM,-67,-104,,,,
1773038709.670090,RX,IMU,320,216,15804,650,-1572,-6660
1773038709.675226,TX,VELOCITY,-300,-300,,,,
1773038709.677815,TX,VELOCITY,-300,-300,,,,
1773038709.688152,RX,ODOM,-66,-106,,,,
1773038709.690016,RX,IMU,1284,4192,11680,-65,-1737,-6803
1773038709.707997,RX,ODOM,-67,-102,,,,
1773038709.709934,RX,IMU,4648,4380,7392,-101,-1607,-6623
1773038709.727905,RX,ODOM,-72,-101,,,,
1773038709.729827,RX,IMU,-9504,-2880,32767,-389,1096,-6480
1773038709.747896,RX,ODOM,-75,-99,,,,
1773038709.767793,RX,ODOM,-76,-99,,,,
1773038709.769643,RX,IMU,-10896,5132,-620,24,2509,-5584
1773038709.772240,TX,VELOCITY,-300,-300,,,,
1773038709.787677,RX,ODOM,-75,-99,,,,
1773038709.789457,RX,IMU,1140,-9352,18184,-941,-1348,-4085
1773038709.790483,TX,VELOCITY,-300,-300,,,,
1773038709.807518,RX,ODOM,-78,-98,,,,
1773038709.809454,RX,IMU,-10048,-2500,15220,-224,1640,-2341
1773038709.827393,RX,ODOM,-78,-97,,,,
1773038709.829234,RX,IMU,3236,1128,25804,349,-3475,-2806
1773038709.847389,RX,ODOM,-81,-97,,,,
1773038709.849183,RX,IMU,-3960,-5952,32767,631,-3404,-2292
1773038709.867146,RX,ODOM,-81,-95,,,,
1773038709.869022,RX,IMU,-5020,-4096,32767,-453,-2312,-1731
1773038709.887034,RX,ODOM,-82,-95,,,,
1773038709.888945,RX,IMU,1988,4880,10496,533,-1563,-1784
1773038709.900782,TX,VELOCITY,-300,-300,,,,
1773038709.908339,RX,ODOM,-90,-100,,,,
1773038709.910140,RX,IMU,-17752,3264,20960,-225,4450,-1889
1773038709.927860,RX,ODOM,-84,-92,,,,
1773038709.929759,RX,IMU,17992,-2056,2124,256,96,-2164
1773038709.947776,RX,ODOM,-86,-94,,,,
1773038709.949630,RX,IMU,4848,604,10552,-160,975,-1437
1773038709.967605,RX,ODOM,-86,-95,,,,
1773038709.972211,TX,VELOCITY,-300,-300,,,,
1773038709.987603,RX,ODOM,-86,-93,,,,
1773038710.007443,RX,ODOM,-87,-94,,,,
1773038710.008189,TX,VELOCITY,-300,-300,,,,
1773038710.009320,RX,IMU,-11236,-4680,17964,140,2583,-1162
1773038710.027296,RX,ODOM,-87,-92,,,,
1773038710.029193,RX,IMU,-11424,-7524,20880,-456,2095,-565
1773038710.047213,RX,ODOM,-86,-90,,,,
1773038710.067078,RX,ODOM,-88,-92,,,,
1773038710.068959,RX,IMU,6016,4384,-2572,-1241,2858,-234
1773038710.086965,RX,ODOM,-90,-92,,,,
1773038710.088823,RX,IMU,-2188,-2120,14524,139,-1996,-552
1773038710.106973,RX,ODOM,-91,-93,,,,
1773038710.108806,RX,IMU,4728,3000,-7424,-1184,5068,-256
1773038710.118047,TX,VELOCITY,-300,-300,,,,
1773038710.126771,RX,ODOM,-91,-93,,,,
1773038710.128659,RX,IMU,-9624,2612,32767,-2,-97,-165
1773038710.146657,RX,ODOM,-90,-94,,,,
1773038710.148530,RX,IMU,-296,348,20080,410,-3722,25
1773038710.166619,RX,ODOM,-91,-93,,,,
1773038710.168481,RX,IMU,2672,10064,9376,30,-370,-515
1773038710.172211,TX,VELOCITY,-300,-300,,,,
1773038710.186470,RX,ODOM,-92,-94,,,,
1773038710.188339,RX,IMU,6544,-532,18336,173,-2685,-551
1773038710.206333,RX,ODOM,-91,-93,,,,
1773038710.208209,RX,IMU,-7864,2596,32767,778,-122,-1076
1773038710.226316,RX,ODOM,-92,-94,,,,
1773038710.227791,TX,VELOCITY,-300,-300,,,,
1773038710.228064,RX,IMU,-16660,1680,32767,-43,-1837,-398
1773038710.246217,RX,ODOM,-93,-96,,,,
1773038710.247960,RX,IMU,-3848,-15080,32767,-518,-4536,-355
1773038710.266061,RX,ODOM,-93,-96,,,,
1773038710.285927,RX,ODOM,-94,-98,,,,
1773038710.287768,RX,IMU,-32768,-432,27188,-37,-6766,654
1773038710.305809,RX,ODOM,-94,-96,,,,
1773038710.307650,RX,IMU,22980,-9896,3240,-277,-2058,-141
1773038710.325744,RX,ODOM,-95,-96,,,,
1773038710.327582,RX,IMU,-12140,-5228,3588,-1203,5601,-329
1773038710.339768,TX,VELOCITY,-300,-300,,,,
1773038710.347279,RX,ODOM,-103,-104,,,,
1773038710.349050,RX,IMU,1384,8096,4984,-971,-892,70
1773038710.366568,RX,ODOM,-92,-93,,,,
1773038710.368346,RX,IMU,1032,11476,6316,-879,-182,435
1773038710.372222,TX,VELOCITY,-300,-300,,,,
1773038710.386383,RX,ODOM,-96,-96,,,,
1773038710.388244,RX,IMU,-7368,2776,14880,-823,-185,128
1773038710.406343,RX,ODOM,-96,-97,,,,
1773038710.408129,RX,IMU,-9040,244,32767,-305,-961,-598
1773038710.426190,RX,ODOM,-98,-98,,,,
1773038710.428007,RX,IMU,2616,-1220,23536,72,-3206,-758
1773038710.446055,RX,ODOM,-96,-98,,,,
1773038710.447486,TX,VELOCITY,-300,-300,,,,
1773038710.447985,RX,IMU,10204,2992,-6676,673,966,-1427
1773038710.466028,RX,ODOM,-98,-100,,,,
1773038710.467901,RX,IMU,-13012,-148,6920,-288,5334,26
1773038710.485887,RX,ODOM,-97,-100,,,,
1773038710.487717,RX,IMU,-10304,1736,-204,-697,4095,628
1773038710.505753,RX,ODOM,-97,-100,,,,
1773038710.507720,RX,IMU,-4256,9192,12368,-634,-1505,356
1773038710.525722,RX,ODOM,-99,-100,,,,
1773038710.527463,RX,IMU,32,1368,15276,-520,-2278,-372
1773038710.545646,RX,ODOM,-99,-100,,,,
1773038710.547387,RX,IMU,7932,668,32767,794,283,-1110
1773038710.554888,TX,VELOCITY,-300,-300,,,,
1773038710.565562,RX,ODOM,-99,-100,,,,
1773038710.567301,RX,IMU,-6512,-9476,24048,1256,-1104,-717
1773038710.572238,TX,VELOCITY,-300,-300,,,,
1773038710.585361,RX,ODOM,-97,-100,,,,
1773038710.587189,RX,IMU,-404,11080,-7880,-931,3816,-515
1773038710.605310,RX,ODOM,-98,-100,,,,
1773038710.607167,RX,IMU,-11984,-1268,17112,-1500,1235,457
1773038710.625185,RX,ODOM,-98,-100,,,,
1773038710.627119,RX,IMU,-2460,-324,32767,-41,-1660,-323
1773038710.645141,RX,ODOM,-100,-101,,,,
1773038710.646912,RX,IMU,19824,-140,-9696,590,-1908,-956
1773038710.665036,RX,ODOM,-99,-101,,,,
1773038710.666809,RX,IMU,496,1088,32767,319,2998,-1048
1773038710.675118,TX,VELOCITY,-180,-420,,,,
1773038710.684828,RX,ODOM,-99,-102,,,,
1773038710.686373,TX,VELOCITY,-300,-300,,,,
1773038710.686715,RX,IMU,10684,-11060,11152,1032,-2611,-793
1773038710.704886,RX,ODOM,-98,-105,,,,
1773038710.706712,RX,IMU,-16380,-6140,16236,-715,3132,-159
1773038710.724649,RX,ODOM,-97,-104,,,,
1773038710.744547,RX,ODOM,-99,-104,,,,
1773038710.764495,RX,ODOM,-99,-103,,,,
1773038710.766397,RX,IMU,-11256,-2028,32767,68,-4001,-1710
1773038710.772319,TX,VELOCITY,-300,-300,,,,
1773038710.775321,TX,VELOCITY,-420,-180,,,,
1773038710.785228,RX,ODOM,-103,-106,,,,
1773038710.804335,RX,ODOM,-95,-97,,,,
1773038710.806196,RX,IMU,-11608,-9352,12512,-318,2260,399
1773038710.824170,RX,ODOM,-105,-96,,,,
1773038710.825995,RX,IMU,4264,10912,9048,-304,-1558,797
1773038710.834353,TX,VELOCITY,-300,-300,,,,
1773038710.844005,RX,ODOM,-108,-93,,,,
1773038710.845986,RX,IMU,-8612,-4636,32767,166,-4334,1713
1773038710.863915,RX,ODOM,-110,-94,,,,
1773038710.865844,RX,IMU,-11896,-13068,16936,-735,3668,3053
1773038710.881317,TX,VELOCITY,-300,-300,,,,
1773038710.888702,RX,ODOM,-134,-120,,,,
1773038710.890565,RX,IMU,-12776,1388,-5844,-975,4355,2846
1773038710.907757,RX,ODOM,-101,-93,,,,
1773038710.909538,RX,IMU,-5716,-7064,10164,-1176,4950,2335
1773038710.927607,RX,ODOM,-107,-98,,,,
1773038710.929496,RX,IMU,-8788,-572,16588,-353,-426,1214
1773038710.947583,RX,ODOM,-105,-99,,,,
1773038710.949510,RX,IMU,-5364,-2832,24736,-1266,-535,736
1773038710.967469,RX,ODOM,-105,-98,,,,
1773038710.969325,RX,IMU,-9552,-1892,32767,-863,-2720,1019
1773038710.972208,TX,VELOCITY,-300,-300,,,,
1773038710.987298,RX,ODOM,-104,-100,,,,
1773038710.989148,RX,IMU,-13488,-13228,18500,-1262,4253,880
1773038710.995399,TX,VELOCITY,-300,-300,,,,
1773038711.007229,RX,ODOM,-102,-98,,,,
1773038711.009095,RX,IMU,-9120,88,15044,755,-148,352
1773038711.027158,RX,ODOM,-101,-98,,,,
1773038711.028976,RX,IMU,21604,240,-2456,494,-106,-707
1773038711.046903,RX,ODOM,-102,-100,,,,
1773038711.048801,RX,IMU,12736,-2752,8080,1036,-2315,423
1773038711.066901,RX,ODOM,-101,-102,,,,
1773038711.068725,RX,IMU,21208,-5908,11816,-1302,-886,1336
1773038711.090037,RX,ODOM,-120,-119,,,,
1773038711.091864,RX,IMU,-8208,3724,32767,11,-961,27
1773038711.104247,TX,VELOCITY,-300,-300,,,,
1773038711.111759,RX,ODOM,-114,-113,,,,
1773038711.113498,RX,IMU,-9620,-6176,15592,-152,1212,-338
1773038711.131494,RX,ODOM,-103,-102,,,,
1773038711.133403,RX,IMU,5868,8640,-2912,-549,2538,157
1773038711.151389,RX,ODOM,-103,-104,,,,
1773038711.171317,RX,ODOM,-104,-103,,,,
1773038711.172207,TX,VELOCITY,-300,-300,,,,
1773038711.173110,RX,IMU,25784,-1700,2108,-126,-1105,-344
1773038711.191182,RX,ODOM,-104,-103,,,,
1773038711.193051,RX,IMU,32767,-8788,-17244,-1489,4197,-471
1773038711.211151,RX,ODOM,-103,-103,,,,
1773038711.211415,TX,VELOCITY,-420,-180,,,,
1773038711.213070,RX,IMU,-5728,10844,8512,125,-1607,235
1773038711.230994,RX,ODOM,-104,-103,,,,
1773038711.232862,RX,IMU,-3436,-7388,32767,76,-2300,-300
1773038711.250915,RX,ODOM,-109,-99,,,,
1773038711.252789,RX,IMU,-11208,2864,4296,-403,4988,1084
1773038711.261490,TX,VELOCITY,-300,-300,,,,
1773038711.270863,RX,ODOM,-112,-96,,,,
1773038711.272746,RX,IMU,-5220,10628,5012,-381,428,1884
1773038711.290781,RX,ODOM,-114,-96,,,,
1773038711.310670,RX,ODOM,-113,-99,,,,
1773038711.312508,RX,IMU,-18932,-9288,21812,-742,2688,2178
1773038711.330599,RX,ODOM,-113,-102,,,,
1773038711.331547,TX,VELOCITY,-300,-300,,,,
1773038711.334266,RX,IMU,6272,11744,-3380,-145,840,2313
1773038711.350483,RX,ODOM,-112,-102,,,,
1773038711.352487,RX,IMU,-1848,4796,32767,413,1345,1432
1773038711.370481,RX,ODOM,-112,-104,,,,
1773038711.372210,TX,VELOCITY,-300,-300,,,,
1773038711.372346,RX,IMU,7724,496,29832,162,-7557,1944
1773038711.390358,RX,ODOM,-111,-102,,,,
1773038711.392149,RX,IMU,-7432,-6060,16688,-1709,1062,2409
1773038711.410209,RX,ODOM,-110,-104,,,,
1773038711.412071,RX,IMU,16396,7288,-752,-833,95,970
1773038711.429262,TX,VELOCITY,-300,-300,,,,
1773038711.430161,RX,ODOM,-109,-102,,,,
1773038711.432035,RX,IMU,6992,-3048,30956,-69,-4370,573
1773038711.450096,RX,ODOM,-109,-104,,,,
1773038711.451865,RX,IMU,2652,580,18560,1336,-440,764
1773038711.469946,RX,ODOM,-107,-104,,,,
1773038711.471885,RX,IMU,3312,-6760,16900,-440,-2043,366
1773038711.489902,RX,ODOM,-108,-106,,,,
1773038711.491682,RX,IMU,-8152,-4476,16764,-575,1999,552
1773038711.509776,RX,ODOM,-108,-106,,,,
1773038711.511624,RX,IMU,2084,6664,32767,-588,3288,1114
1773038711.529629,RX,ODOM,-109,-106,,,,
1773038711.531549,RX,IMU,1280,-17696,19220,1450,-2249,568
1773038711.539046,TX,VELOCITY,-300,-300,,,,
1773038711.549594,RX,ODOM,-108,-108,,,,
1773038711.551360,RX,IMU,-10472,-8244,23804,-28,1683,403
1773038711.569436,RX,ODOM,-108,-106,,,,
1773038711.571396,RX,IMU,-7760,10432,23280,-578,2480,531
1773038711.572186,TX,VELOCITY,-300,-300,,,,
1773038711.589357,RX,ODOM,-108,-106,,,,
1773038711.591251,RX,IMU,14188,-520,12268,986,-5625,346
1773038711.609282,RX,ODOM,-107,-105,,,,
1773038711.611174,RX,IMU,8620,9064,3156,-851,-475,460
1773038711.629199,RX,ODOM,-108,-106,,,,
1773038711.631097,RX,IMU,6052,8620,9232,213,-1508,-494
1773038711.649024,RX,ODOM,-106,-106,,,,
1773038711.650871,RX,IMU,-8528,-4956,10072,-359,899,135
1773038711.654106,TX,VELOCITY,-300,-300,,,,
1773038711.668979,RX,ODOM,-107,-106,,,,
1773038711.670887,RX,IMU,-7876,-8188,32767,-1184,-3892,1
1773038711.688822,RX,ODOM,-106,-105,,,,
1773038711.690685,RX,IMU,-14140,2804,-2016,-295,4650,-707
1773038711.708767,RX,ODOM,-106,-106,,,,
1773038711.710590,RX,IMU,23936,9740,20400,-315,1437,-397
1773038711.728734,RX,ODOM,-106,-108,,,,
1773038711.730533,RX,IMU,13364,-4444,26156,71,-4491,-442
1773038711.748617,RX,ODOM,-107,-107,,,,
1773038711.750462,RX,IMU,-19188,-14088,17368,-1259,1814,1056
1773038711.758923,TX,VELOCITY,-300,-300,,,,
1773038711.768474,RX,ODOM,-106,-107,,,,
1773038711.770355,RX,IMU,-10484,6316,32767,-461,301,761
1773038711.772184,TX,VELOCITY,-300,-300,,,,
1773038711.788366,RX,ODOM,-108,-106,,,,
1773038711.808417,RX,ODOM,-108,-106,,,,
1773038711.810208,RX,IMU,2100,2124,5452,-1017,-229,-84
1773038711.828258,RX,ODOM,-108,-107,,,,
1773038711.830057,RX,IMU,-4948,9608,32767,-216,-10,-350
1773038711.848204,RX,ODOM,-108,-108,,,,
1773038711.850174,RX,IMU,-13356,-10900,12168,-1346,3018,186
1773038711.868045,RX,ODOM,-109,-107,,,,
1773038711.869915,RX,IMU,6244,11768,32767,-1666,-456,-383
1773038711.871570,TX,VELOCITY,-300,-300,,,,
1773038711.888076,RX,ODOM,-109,-108,,,,
1773038711.890129,RX,IMU,24252,-10288,3016,945,-2557,-858
1773038711.907861,RX,ODOM,-108,-109,,,,
1773038711.909744,RX,IMU,-7236,-3236,20140,-192,997,-235
1773038711.927878,RX,ODOM,-108,-109,,,,
1773038711.929711,RX,IMU,-8324,7468,32767,-227,-2742,-530
1773038711.947688,RX,ODOM,-107,-111,,,,
1773038711.949569,RX,IMU,-4632,8120,-5036,-159,2474,-146
1773038711.967772,RX,ODOM,-107,-110,,,,
1773038711.969572,RX,IMU,-10496,5052,5836,-151,1970,-623
1773038711.972191,TX,VELOCITY,-300,-300,,,,
1773038711.981800,TX,VELOCITY,-300,-300,,,,
1773038711.989360,RX,ODOM,-116,-121,,,,
1773038711.991132,RX,IMU,-520,7184,-5368,-66,4688,-715
1773038712.008534,RX,ODOM,-104,-106,,,,
1773038712.010397,RX,IMU,5580,6680,12756,-91,-3930,603
1773038712.028325,RX,ODOM,-106,-111,,,,
1773038712.030184,RX,IMU,-4232,9236,32767,-473,-1028,-1380
1773038712.048357,RX,ODOM,-107,-110,,,,
1773038712.050110,RX,IMU,-15004,-5036,14652,-1050,6057,-1271
1773038712.068152,RX,ODOM,-108,-111,,,,
1773038712.070043,RX,IMU,2324,6692,7816,-1063,-559,-592
1773038712.085585,TX,VELOCITY,-300,-300,,,,
1773038712.093066,RX,ODOM,-135,-138,,,,
1773038712.094896,RX,IMU,-9016,12688,8356,-790,936,-796
1773038712.112038,RX,ODOM,-99,-104,,,,
1773038712.113894,RX,IMU,-23028,-2096,32767,241,-2598,-564
1773038712.131868,RX,ODOM,-107,-110,,,,
1773038712.133725,RX,IMU,-4452,-3632,8984,670,1795,-275
1773038712.151877,RX,ODOM,-108,-110,,,,
1773038712.153642,RX,IMU,-7356,-3392,32767,-1309,2080,-98
1773038712.171711,RX,ODOM,-110,-111,,,,
1773038712.172359,TX,VELOCITY,-300,-300,,,,
1773038712.173568,RX,IMU,-12988,-4020,3052,64,4533,271
1773038712.191593,RX,ODOM,-110,-109,,,,
1773038712.193460,RX,IMU,3104,6028,3008,-1059,-2834,-728
1773038712.196816,TX,VELOCITY,-300,-300,,,,
1773038712.211553,RX,ODOM,-107,-109,,,,
1773038712.213406,RX,IMU,-30072,-6492,32767,901,-5537,-391
1773038712.231459,RX,ODOM,-105,-107,,,,
1773038712.233281,RX,IMU,-8684,-8180,15176,-968,2920,732
1773038712.251425,RX,ODOM,-104,-107,,,,
1773038712.253245,RX,IMU,6432,268,32767,-1306,1442,324
1773038712.271271,RX,ODOM,-105,-107,,,,
1773038712.273096,RX,IMU,11756,-6820,516,1486,-1443,-909
1773038712.291128,RX,ODOM,-105,-106,,,,
1773038712.292980,RX,IMU,20220,7704,-10972,-1102,7032,37
1773038712.307940,TX,VELOCITY,-300,-300,,,,
1773038712.315434,RX,ODOM,-128,-130,,,,
1773038712.317295,RX,IMU,-13020,-6460,14000,-1365,-258,-258
1773038712.335028,RX,ODOM,-105,-105,,,,
1773038712.336944,RX,IMU,21196,7368,32767,-1525,2436,-325
1773038712.354956,RX,ODOM,-109,-106,,,,
1773038712.356774,RX,IMU,-32768,-7560,23496,264,-4939,-1477
1773038712.372195,TX,VELOCITY,-300,-300,,,,
1773038712.379578,RX,ODOM,-134,-133,,,,
1773038712.381549,RX,IMU,-20472,-5144,4452,928,4223,-319
1773038712.398676,RX,ODOM,-101,-102,,,,
1773038712.400487,RX,IMU,6668,6552,7740,-983,1591,896
1773038712.413139,TX,VELOCITY,-300,-300,,,,
1773038712.413384,TX,VELOCITY,0,0,,,,
1773038712.420643,RX,ODOM,-116,-118,,,,
1773038712.422390,RX,IMU,23248,2820,7968,126,-6184,-43
1773038712.440440,RX,ODOM,-105,-106,,,,
1773038712.442294,RX,IMU,-10000,-10032,10844,-84,1405,115
1773038712.460381,RX,ODOM,-99,-100,,,,
1773038712.462209,RX,IMU,15168,7560,13056,-219,1141,-10
1773038712.480226,RX,ODOM,-95,-97,,,,
1773038712.482089,RX,IMU,-4788,5308,32767,1181,-4601,116
1773038712.500190,RX,ODOM,-90,-93,,,,
1773038712.502016,RX,IMU,-4156,9852,448,-196,3754,196
1773038712.520025,RX,ODOM,-86,-90,,,,
1773038712.521897,RX,IMU,-7652,-9132,10052,-1758,1911,-807
1773038712.540050,RX,ODOM,-84,-85,,,,
1773038712.541882,RX,IMU,-4940,-1400,32767,-121,-2364,-773
1773038712.559885,RX,ODOM,-80,-81,,,,
1773038712.561702,RX,IMU,1676,3244,16484,-480,1613,-508
1773038712.572189,TX,VELOCITY,0,0,,,,
1773038712.585009,RX,ODOM,-94,-96,,,,
1773038712.586875,RX,IMU,-8172,2688,32767,-939,-1778,-426
1773038712.604649,RX,ODOM,-70,-72,,,,
1773038712.606577,RX,IMU,-2296,-3108,26300,-393,-1564,-213
1773038712.624597,RX,ODOM,-66,-68,,,,
1773038712.626409,RX,IMU,-3168,-6064,32767,-882,-4097,-198
1773038712.644465,RX,ODOM,-64,-64,,,,
1773038712.646291,RX,IMU,888,3092,19912,-127,-557,319
1773038712.664353,RX,ODOM,-60,-60,,,,
1773038712.666172,RX,IMU,1808,976,15056,-671,-660,-184
1773038712.684311,RX,ODOM,-56,-56,,,,
1773038712.686143,RX,IMU,64,1076,9940,-822,2654,-517
1773038712.689551,TX,VELOCITY,300,300,,,,
1773038712.704183,RX,ODOM,-52,-51,,,,
1773038712.706089,RX,IMU,15312,-1604,5888,-761,2828,-49
1773038712.724131,RX,ODOM,-22,-23,,,,
1773038712.725844,RX,IMU,-3124,420,18492,-992,-793,137
1773038712.744009,RX,ODOM,0,-2,,,,
1773038712.745906,RX,IMU,604,1836,17552,-558,-79,-622
1773038712.763860,RX,ODOM,10,11,,,,
1773038712.765678,RX,IMU,6440,-116,19220,170,-41,-2298
1773038712.772202,TX,VELOCITY,300,300,,,,
1773038712.783815,RX,ODOM,19,19,,,,
1773038712.785725,RX,IMU,-948,52,19260,140,1112,-2251
1773038712.789489,TX,VELOCITY,300,300,,,,
1773038712.803600,RX,ODOM,25,26,,,,
1773038712.805565,RX,IMU,4204,-316,18552,-125,668,-941
1773038712.823579,RX,ODOM,31,29,,,,
1773038712.825468,RX,IMU,-12896,-468,20944,-985,1810,-37
1773038712.843525,RX,ODOM,37,35,,,,
1773038712.845594,RX,IMU,3612,284,17316,-214,418,-685
1773038712.863400,RX,ODOM,44,40,,,,
1773038712.865131,RX,IMU,-916,-3576,16652,414,-83,-704
1773038712.883244,RX,ODOM,50,45,,,,
1773038712.885148,RX,IMU,-596,-2352,16268,578,-948,33
1773038712.897280,TX,VELOCITY,300,300,,,,
1773038712.904755,RX,ODOM,58,53,,,,
1773038712.906521,RX,IMU,-652,-2684,18520,150,-372,186
1773038712.923994,RX,ODOM,56,53,,,,
1773038712.925834,RX,IMU,4960,-308,17008,815,-2016,-241
1773038712.944000,RX,ODOM,60,58,,,,
1773038712.945719,RX,IMU,-20,-4328,19896,-477,747,-257
1773038712.963778,RX,ODOM,60,59,,,,
1773038712.965739,RX,IMU,-2764,-1524,19252,-173,571,544
1773038712.972152,TX,VELOCITY,300,300,,,,
1773038712.983716,RX,ODOM,60,62,,,,
1773038712.985579,RX,IMU,-9616,-8656,12516,-628,5591,-174
1773038713.003551,RX,ODOM,62,63,,,,
1773038713.005421,RX,IMU,-2556,7852,8988,720,251,-213
1773038713.008779,TX,VELOCITY,300,300,,,,
1773038713.023590,RX,ODOM,63,65,,,,
1773038713.025351,RX,IMU,1168,440,16408,-67,-661,289
1773038713.043392,RX,ODOM,65,66,,,,
1773038713.045283,RX,IMU,4760,1568,14652,776,-4617,-25
1773038713.063403,RX,ODOM,64,64,,,,
1773038713.065173,RX,IMU,-100,-8916,15068,-41,196,118
1773038713.083353,RX,ODOM,66,65,,,,
1773038713.085068,RX,IMU,-19148,-8960,19276,-1062,5567,65
1773038713.103155,RX,ODOM,66,65,,,,
1773038713.105001,RX,IMU,2332,320,16764,-285,151,-650
1773038713.118006,TX,VELOCITY,300,300,,,,
1773038713.125505,RX,ODOM,76,76,,,,
1773038713.127321,RX,IMU,12380,-4324,10964,-165,-3487,-739
1773038713.145009,RX,ODOM,66,66,,,,
1773038713.146765,RX,IMU,-612,-3264,12668,66,-909,366
1773038713.164809,RX,ODOM,68,68,,,,
1773038713.166718,RX,IMU,-29432,-3108,27940,-526,2988,426
1773038713.172152,TX,VELOCITY,300,300,,,,
1773038713.184703,RX,ODOM,68,70,,,,
1773038713.186624,RX,IMU,1448,-2440,17400,-151,92,395
1773038713.204761,RX,ODOM,67,68,,,,
1773038713.206583,RX,IMU,-25656,-4132,22264,-281,2101,351
1773038713.224521,RX,ODOM,69,71,,,,
1773038713.226412,RX,IMU,744,-3272,12864,-27,147,382
1773038713.237500,TX,VELOCITY,300,300,,,,
1773038713.244996,RX,ODOM,71,75,,,,
1773038713.246812,RX,IMU,11080,396,14580,-294,-2541,831
1773038713.264476,RX,ODOM,69,72,,,,
1773038713.266214,RX,IMU,5428,536,10664,640,-982,657
1773038713.284315,RX,ODOM,70,74,,,,
1773038713.286108,RX,IMU,-2896,-2432,15468,600,-434,-106
1773038713.304153,RX,ODOM,70,74,,,,
1773038713.306017,RX,IMU,9524,2280,26012,-2062,3721,-121
1773038713.324165,RX,ODOM,74,72,,,,
1773038713.325968,RX,IMU,1296,-320,18228,-423,-254,593
1773038713.335836,TX,VELOCITY,300,300,,,,
1773038713.343987,RX,ODOM,74,74,,,,
1773038713.345896,RX,IMU,-8848,2104,16288,406,-5039,-329
1773038713.363844,RX,ODOM,74,74,,,,
1773038713.365700,RX,IMU,-1736,-2416,10696,1272,-959,-178
1773038713.372150,TX,VELOCITY,300,300,,,,
1773038713.383820,RX,ODOM,74,74,,,,
1773038713.385713,RX,IMU,-6812,4472,6848,457,906,166
1773038713.403669,RX,ODOM,74,74,,,,
1773038713.405511,RX,IMU,-32768,-3084,29184,-286,290,-185
1773038713.423682,RX,ODOM,74,76,,,,
1773038713.425574,RX,IMU,-600,-3940,14412,255,-657,-46
1773038713.443576,RX,ODOM,76,76,,,,
1773038713.445390,RX,IMU,-4216,4828,9148,-370,1463,-21
1773038713.449193,TX,VELOCITY,300,300,,,,
1773038713.463379,RX,ODOM,76,76,,,,
1773038713.465209,RX,IMU,-30352,-7292,27488,-713,4078,-256
1773038713.483256,RX,ODOM,76,76,,,,
1773038713.485217,RX,IMU,-3804,1436,11940,547,-2380,-228
1773038713.503281,RX,ODOM,77,78,,,,
1773038713.505105,RX,IMU,-7736,7172,8696,-298,105,89
1773038713.523090,RX,ODOM,79,78,,,,
1773038713.524954,RX,IMU,-32768,-4888,31912,-366,-72,27
1773038713.543049,RX,ODOM,79,78,,,,
1773038713.544900,RX,IMU,1744,-1476,10108,134,-993,220
1773038713.555091,TX,VELOCITY,180,420,,,,
1773038713.562908,RX,ODOM,80,80,,,,
1773038713.564826,RX,IMU,-11160,7552,11004,283,-267,-210
1773038713.572140,TX,VELOCITY,180,420,,,,
1773038713.584560,RX,ODOM,85,89,,,,
1773038713.586521,RX,IMU,-3564,-5884,15420,-71,1698,562
1773038713.603723,RX,ODOM,68,81,,,,
1773038713.605611,RX,IMU,-29132,-4976,25512,-934,1871,1505
1773038713.623574,RX,ODOM,71,88,,,,
1773038713.625462,RX,IMU,-4284,-656,17128,-665,-919,2734
1773038713.643466,RX,ODOM,69,93,,,,
1773038713.645329,RX,IMU,5404,904,10944,-610,-418,3179
1773038713.663455,RX,ODOM,68,96,,,,
1773038713.665357,RX,IMU,6888,-6036,11712,118,-257,4195
1773038713.668802,TX,VELOCITY,180,420,,,,
1773038713.683278,RX,ODOM,68,99,,,,
1773038713.685124,RX,IMU,-16912,652,9012,-845,3231,5270
1773038713.696872,TX,VELOCITY,300,300,,,,
1773038713.704269,RX,ODOM,69,105,,,,
1773038713.706095,RX,IMU,5544,-3516,12228,-1106,2199,6082
1773038713.724095,RX,ODOM,66,102,,,,
1773038713.743957,RX,ODOM,69,101,,,,
1773038713.745782,RX,IMU,-2072,2772,32767,-604,905,5582
1773038713.763903,RX,ODOM,74,101,,,,
1773038713.765794,RX,IMU,5796,2696,20052,-176,-1758,5496
1773038713.772176,TX,VELOCITY,300,300,,,,
1773038713.772442,TX,VELOCITY,300,300,,,,
1773038713.785125,RX,ODOM,78,108,,,,
1773038713.786874,RX,IMU,18320,3724,32767,-1957,814,5397
1773038713.804691,RX,ODOM,72,98,,,,
1773038713.806584,RX,IMU,2764,9532,32767,-43,-452,4556
1773038713.824549,RX,ODOM,74,101,,,,
1773038713.826482,RX,IMU,560,580,32767,-315,-1141,3325
1773038713.844475,RX,ODOM,76,99,,,,
1773038713.846349,RX,IMU,8976,5892,32767,-951,-283,2881
1773038713.864381,RX,ODOM,80,99,,,,
1773038713.866178,RX,IMU,4592,-1116,32767,-697,-727,3848
1773038713.884287,RX,ODOM,83,97,,,,
1773038713.886257,RX,IMU,3272,-1484,18236,-795,-2411,2549
1773038713.886279,TX,VELOCITY,420,180,,,,
1773038713.904214,RX,ODOM,84,96,,,,
1773038713.906003,RX,IMU,1756,-300,16668,9,-1965,1703
1773038713.923966,RX,ODOM,89,91,,,,
1773038713.925830,RX,IMU,6544,1144,8580,238,-681,32
1773038713.943933,RX,ODOM,95,86,,,,
1773038713.945717,RX,IMU,-7220,1888,13008,472,54,-1325
1773038713.963829,RX,ODOM,99,83,,,,
1773038713.972217,TX,VELOCITY,420,180,,,,
1773038713.983720,RX,ODOM,102,81,,,,
1773038713.985484,RX,IMU,7876,2060,13384,-37,-1397,-2845
1773038713.992845,TX,VELOCITY,420,180,,,,
1773038714.003625,RX,ODOM,104,78,,,,
1773038714.005496,RX,IMU,12080,-592,-8852,-111,3019,-4865
1773038714.023402,RX,ODOM,108,78,,,,
1773038714.025294,RX,IMU,8348,3220,17412,609,-2898,-6002
1773038714.043400,RX,ODOM,111,76,,,,
1773038714.045135,RX,IMU,-28168,1540,22892,646,-2388,-5163
1773038714.063249,RX,ODOM,113,75,,,,
1773038714.065137,RX,IMU,-20208,-6256,19228,248,5221,-5530
1773038714.074034,TX,VELOCITY,300,300,,,,
1773038714.083071,RX,ODOM,114,73,,,,
1773038714.084938,RX,IMU,7472,3792,32767,-581,1106,-6019
1773038714.103036,RX,ODOM,110,74,,,,
1773038714.103674,TX,VELOCITY,180,420,,,,
1773038714.104837,RX,IMU,12400,6688,32767,-4,-361,-6104
1773038714.122849,RX,ODOM,106,80,,,,
1773038714.124765,RX,IMU,8024,-2524,32767,-1627,1209,-3856
1773038714.142933,RX,ODOM,100,86,,,,
1773038714.144753,RX,IMU,9268,-392,32767,-342,-1080,-1378
1773038714.162708,RX,ODOM,94,95,,,,
1773038714.164628,RX,IMU,-7144,-1796,9432,849,-5420,-899
1773038714.172190,TX,VELOCITY,180,420,,,,
1773038714.182578,RX,ODOM,92,99,,,,
1773038714.184515,RX,IMU,20852,-16,8116,-835,-4573,611
1773038714.202594,RX,ODOM,89,103,,,,
1773038714.204331,RX,IMU,16372,-1304,7056,-273,-184,2063
1773038714.222355,RX,ODOM,86,105,,,,
1773038714.224267,RX,IMU,19808,-1916,9784,33,-1734,3098
1773038714.230013,TX,VELOCITY,180,420,,,,
1773038714.242286,RX,ODOM,83,109,,,,
1773038714.244092,RX,IMU,-10040,4140,13732,-621,1264,2846
1773038714.262154,RX,ODOM,80,111,,,,
1773038714.264078,RX,IMU,-6636,1408,11360,-462,1643,4974
1773038714.282147,RX,ODOM,78,113,,,,
1773038714.301922,RX,ODOM,74,115,,,,
1773038714.303852,RX,IMU,-11280,1004,12736,36,5655,6329
1773038714.321834,TX,VELOCITY,180,420,,,,
1773038714.321980,RX,ODOM,74,118,,,,
1773038714.322130,TX,VELOCITY,300,300,,,,
1773038714.323656,RX,IMU,5376,2600,2960,-1383,-7836,6272
1773038714.341893,RX,ODOM,73,118,,,,
1773038714.343637,RX,IMU,8376,-5624,8804,-1325,-979,7192
1773038714.361710,RX,ODOM,75,118,,,,
1773038714.363578,RX,IMU,-9604,4796,14336,-1408,-624,6108
1773038714.372171,TX,VELOCITY,300,300,,,,
1773038714.381510,RX,ODOM,80,114,,,,
1773038714.383408,RX,IMU,10988,2440,6192,-970,-1800,5111
1773038714.401386,RX,ODOM,82,111,,,,
1773038714.403259,RX,IMU,-7820,-4972,32767,-1261,-1184,4765
1773038714.421393,RX,ODOM,85,109,,,,
1773038714.423260,RX,IMU,-26060,4948,9860,-438,-2281,3959
1773038714.430930,TX,VELOCITY,420,180,,,,
1773038714.441173,RX,ODOM,86,108,,,,
1773038714.443039,RX,IMU,16596,-2096,8324,-678,-1484,1921
1773038714.461087,RX,ODOM,93,106,,,,
1773038714.462949,RX,IMU,12512,6468,2652,-1412,590,2057
1773038714.481160,RX,ODOM,100,100,,,,
1773038714.482947,RX,IMU,12512,6468,2652,-1412,590,2057
1773038714.500952,RX,ODOM,104,97,,,,
1773038714.502858,RX,IMU,7220,192,32767,440,1483,-1382
1773038714.520857,RX,ODOM,108,95,,,,
1773038714.522652,RX,IMU,-9312,-2996,4960,-221,7216,-1817
1773038714.540767,RX,ODOM,110,90,,,,
1773038714.540908,TX,VELOCITY,420,180,,,,
1773038714.542558,RX,IMU,-9312,-2996,4960,-221,7216,-1817
1773038714.560615,RX,ODOM,114,90,,,,
1773038714.572166,TX,VELOCITY,420,180,,,,
1773038714.580606,RX,ODOM,114,85,,,,
1773038714.582532,RX,IMU,-32768,-8676,32767,866,3726,-4194
1773038714.598868,TX,VELOCITY,300,300,,,,
1773038714.600479,RX,ODOM,117,83,,,,
1773038714.602276,RX,IMU,-32768,-5708,32767,1260,-2334,-5022
1773038714.620270,RX,ODOM,117,83,,,,
1773038714.622164,RX,IMU,15092,11824,-4016,1135,-8801,-5006
1773038714.640265,RX,ODOM,115,86,,,,
1773038714.642019,RX,IMU,30420,-376,1328,1093,-5720,-5229
1773038714.651546,TX,VELOCITY,180,420,,,,
1773038714.660056,RX,ODOM,112,89,,,,
1773038714.661978,RX,IMU,27220,-3000,-52,-779,-6716,-3928
1773038714.679980,RX,ODOM,109,93,,,,
1773038714.682107,RX,IMU,10372,-6572,13016,-378,-5280,-3493
1773038714.700127,RX,ODOM,103,101,,,,
1773038714.701831,RX,IMU,8484,1892,7088,81,-3087,-3045
1773038714.719833,RX,ODOM,101,107,,,,
1773038714.721564,RX,IMU,-2008,-7956,32767,-831,2531,1136
1773038714.739761,RX,ODOM,97,111,,,,
1773038714.741484,RX,IMU,-12160,-15064,13748,436,2798,3063
1773038714.759549,RX,ODOM,95,114,,,,
1773038714.761648,RX,IMU,-6164,-11788,17776,36,-43,4145
1773038714.762142,TX,VELOCITY,180,420,,,,
1773038714.772125,TX,VELOCITY,180,420,,,,
1773038714.779558,RX,ODOM,94,119,,,,
1773038714.781490,RX,IMU,10704,2288,32767,-1025,1608,4661
1773038714.799421,RX,ODOM,89,119,,,,
1773038714.801205,RX,IMU,-32768,-2656,15288,1386,-1090,6796
1773038714.819311,RX,ODOM,87,122,,,,
1773038714.821084,RX,IMU,11848,5144,9140,368,-4278,6648
1773038714.839188,RX,ODOM,85,126,,,,
1773038714.859034,RX,ODOM,83,128,,,,
1773038714.863844,TX,VELOCITY,300,300,,,,
1773038714.871317,TX,VELOCITY,300,300,,,,
1773038714.879097,RX,ODOM,80,128,,,,
1773038714.880918,RX,IMU,8768,8204,32236,-1709,6876,5973
1773038714.898958,RX,ODOM,82,122,,,,
1773038714.900739,RX,IMU,-32768,3664,22188,533,-4829,6491
1773038714.918779,RX,ODOM,84,118,,,,
1773038714.920678,RX,IMU,-1692,2152,2672,-872,3191,4338
1773038714.938581,RX,ODOM,88,114,,,,
1773038714.940458,RX,IMU,6744,-5816,10928,-481,1304,4665
1773038714.958488,RX,ODOM,90,114,,,,
1773038714.960418,RX,IMU,25812,-1812,-920,-251,-2366,4477
1773038714.972193,TX,VELOCITY,300,300,,,,
1773038714.979594,RX,ODOM,99,120,,,,
1773038714.981472,RX,IMU,2468,2372,32767,-1102,-126,3083
1773038714.987701,TX,VELOCITY,420,180,,,,
1773038714.999403,RX,ODOM,93,111,,,,
1773038715.001148,RX,IMU,5812,-3848,32767,-1652,-536,2596
1773038715.019199,RX,ODOM,98,108,,,,
1773038715.021057,RX,IMU,7580,-2144,14228,-958,-1532,1633
1773038715.039209,RX,ODOM,104,105,,,,
1773038715.041025,RX,IMU,8148,10492,-2572,-333,-382,-329
1773038715.059093,RX,ODOM,110,102,,,,
1773038715.078874,RX,ODOM,113,97,,,,
1773038715.080868,RX,IMU,5204,10848,9552,-478,-5696,-2732
1773038715.088165,TX,VELOCITY,420,180,,,,
1773038715.098799,RX,ODOM,115,94,,,,
1773038715.100766,RX,IMU,416,-2256,32767,-901,1597,-3283
1773038715.118662,RX,ODOM,117,91,,,,
1773038715.120672,RX,IMU,1848,196,32767,-848,-175,-4677
1773038715.138710,RX,ODOM,119,92,,,,
1773038715.140519,RX,IMU,9756,1224,13968,-481,4154,-6439
1773038715.158465,RX,ODOM,123,88,,,,
1773038715.160393,RX,IMU,-25516,-14148,24148,-1752,6810,-5424
1773038715.172148,TX,VELOCITY,420,180,,,,
1773038715.179646,RX,ODOM,133,90,,,,
1773038715.181440,RX,IMU,-20080,13816,12480,-1,-1,-1
1773038715.199509,TX,VELOCITY,420,180,,,,
1773038715.199774,RX,ODOM,124,83,,,,
1773038715.201144,RX,IMU,7228,15072,3804,181,-4236,-6729
1773038715.219302,RX,ODOM,124,82,,,,
1773038715.239104,RX,ODOM,126,81,,,,
1773038715.240926,RX,IMU,28464,532,3300,-489,-2266,-6414
1773038715.258983,RX,ODOM,128,80,,,,
1773038715.278984,RX,ODOM,127,81,,,,
1773038715.298789,RX,ODOM,127,80,,,,
1773038715.300753,RX,IMU,-720,-148,13992,-1040,2454,-7148
1773038715.307887,TX,VELOCITY,420,180,,,,
1773038715.318668,RX,ODOM,128,79,,,,
1773038715.320648,RX,IMU,2464,5856,2964,225,2570,-7559
1773038715.338659,RX,ODOM,128,80,,,,
1773038715.358539,RX,ODOM,129,78,,,,
1773038715.372153,TX,VELOCITY,420,180,,,,
1773038715.379659,RX,ODOM,138,82,,,,
1773038715.381449,RX,IMU,-3016,-16444,11964,-939,5534,-7429
1773038715.399256,RX,ODOM,127,76,,,,
1773038715.401118,RX,IMU,-32768,-8616,32767,952,-2525,-7373
1773038715.413152,TX,VELOCITY,420,180,,,,
1773038715.420576,RX,ODOM,138,83,,,,
1773038715.422397,RX,IMU,-1988,-2956,16456,-1,-1,-1
1773038715.440142,RX,ODOM,125,75,,,,
1773038715.441995,RX,IMU,4800,11100,-3216,547,-1413,-8231
1773038715.448589,TX,VELOCITY,300,300,,,,
1773038715.460063,RX,ODOM,128,78,,,,
1773038715.461899,RX,IMU,7444,5164,12432,1565,-1781,-8300
1773038715.479923,RX,ODOM,125,80,,,,
1773038715.481772,RX,IMU,21316,9060,2860,1625,-5700,-7920
1773038715.499760,RX,ODOM,123,83,,,,
1773038715.519770,RX,ODOM,119,87,,,,
1773038715.521611,RX,IMU,14360,5920,5004,-1044,3045,-4422
1773038715.529033,TX,VELOCITY,180,420,,,,
1773038715.539534,RX,ODOM,116,90,,,,
1773038715.541406,RX,IMU,14359,-1,-1,-1,-1,-1
1773038715.559468,RX,ODOM,113,94,,,,
1773038715.561301,RX,IMU,-1316,-9728,7660,1427,2527,-3488
1773038715.572156,TX,VELOCITY,180,420,,,,
1773038715.579679,RX,ODOM,110,102,,,,
1773038715.581543,RX,IMU,17704,-4092,3828,-308,-3503,-1250
1773038715.599248,RX,ODOM,105,104,,,,
1773038715.601132,RX,IMU,11904,-1144,6056,-1052,2753,421
1773038715.619299,RX,ODOM,102,109,,,,
1773038715.621146,RX,IMU,13528,80,20260,-294,1320,2344
1773038715.639108,RX,ODOM,99,113,,,,
1773038715.640894,TX,VELOCITY,180,420,,,,
1773038715.641117,RX,IMU,1104,-4696,5984,1770,25,2851
1773038715.658965,RX,ODOM,95,117,,,,
1773038715.678891,RX,ODOM,93,119,,,,
1773038715.680740,RX,IMU,452,348,10680,-1414,-754,4599
1773038715.698834,RX,ODOM,91,122,,,,
1773038715.700665,RX,IMU,-5692,-12980,5432,48,3633,4951
1773038715.718769,RX,ODOM,90,126,,,,
1773038715.720494,RX,IMU,9988,-3924,10296,-1283,1221,4616
1773038715.738641,RX,ODOM,88,126,,,,
1773038715.740471,RX,IMU,11424,4812,8040,-633,327,5315
1773038715.744922,TX,VELOCITY,180,420,,,,
1773038715.758436,RX,ODOM,88,126,,,,
1773038715.760321,RX,IMU,6060,-1752,7968,613,4957,6094
1773038715.772156,TX,VELOCITY,180,420,,,,
1773038715.779550,RX,ODOM,92,132,,,,
1773038715.781385,RX,IMU,16064,-3888,11732,-354,-893,5727
1773038715.799274,RX,ODOM,83,124,,,,
1773038715.801078,RX,IMU,2044,3300,1388,-1148,-135,6406
1773038715.815701,TX,VELOCITY,300,300,,,,
1773038715.823104,RX,ODOM,101,152,,,,
1773038715.824989,RX,IMU,23948,2560,7168,-1897,-4827,7122
1773038715.842141,RX,ODOM,81,118,,,,
1773038715.843901,RX,IMU,-3940,8200,7948,-1522,3038,6346
1773038715.860784,TX,VELOCITY,420,180,,,,
1773038715.861997,RX,ODOM,89,123,,,,
1773038715.863869,RX,IMU,-5064,7748,6072,-1854,148,6064
1773038715.881925,RX,ODOM,93,119,,,,
1773038715.883784,RX,IMU,-7928,2352,5660,39,-5204,4462
1773038715.901743,RX,ODOM,100,114,,,,
1773038715.903669,RX,IMU,4044,7960,10536,-1538,-268,2262
1773038715.921815,RX,ODOM,107,110,,,,
1773038715.923640,RX,IMU,20612,-80,5772,381,-4829,489
1773038715.941576,RX,ODOM,111,106,,,,
1773038715.943437,RX,IMU,-2276,5508,7324,-641,2443,-1446
1773038715.961496,RX,ODOM,116,102,,,,
1773038715.963339,RX,IMU,2840,-9356,11828,-1438,7867,-1771
1773038715.967071,TX,VELOCITY,420,180,,,,
1773038715.972110,TX,VELOCITY,420,180,,,,
1773038715.981426,RX,ODOM,119,100,,,,
1773038715.983221,RX,IMU,20276,6824,-2440,-454,-6925,-3519
1773038716.001404,RX,ODOM,120,94,,,,
1773038716.003131,RX,IMU,16052,-2468,12312,-1082,-1567,-3573
1773038716.021272,RX,ODOM,123,92,,,,
1773038716.023134,RX,IMU,9536,-3264,32767,23,3058,-5030
1773038716.041195,RX,ODOM,126,90,,,,
1773038716.042980,RX,IMU,15180,3836,9136,339,-5033,-5502
1773038716.061068,RX,ODOM,128,88,,,,
1773038716.062871,RX,IMU,5752,868,32767,-740,1656,-5765
1773038716.070778,TX,VELOCITY,420,180,,,,
1773038716.080878,RX,ODOM,127,85,,,,
1773038716.082736,RX,IMU,4880,240,32767,572,1380,-7238
1773038716.094132,TX,VELOCITY,300,300,,,,
1773038716.101649,RX,ODOM,132,85,,,,
1773038716.103472,RX,IMU,-13428,11692,10432,666,-3433,-7111
1773038716.120754,RX,ODOM,122,80,,,,
1773038716.122666,RX,IMU,15888,12508,1420,-155,1659,-6301
1773038716.140688,RX,ODOM,124,88,,,,
1773038716.142591,RX,IMU,-1688,-408,32767,-277,-2337,-7127
1773038716.160497,RX,ODOM,123,93,,,,
1773038716.162392,RX,IMU,-5888,28,4832,1155,-4177,-5265
1773038716.172167,TX,VELOCITY,300,300,,,,
1773038716.178751,TX,VELOCITY,180,420,,,,
1773038716.180444,RX,ODOM,123,94,,,,
1773038716.182366,RX,IMU,-2044,6260,4744,169,792,-3625
1773038716.200406,RX,ODOM,122,98,,,,
1773038716.202166,RX,IMU,11796,-10136,32767,-873,3636,-3912
1773038716.220342,RX,ODOM,116,105,,,,
1773038716.222088,RX,IMU,32767,-5388,-5112,870,-3329,-1040
1773038716.240140,RX,ODOM,112,108,,,,
1773038716.241955,RX,IMU,-948,5912,10336,397,1159,767
1773038716.260153,RX,ODOM,106,113,,,,
1773038716.261965,RX,IMU,-15008,-4384,6848,1233,325,1821
1773038716.280030,RX,ODOM,103,119,,,,
1773038716.281957,RX,IMU,17800,11016,-708,-611,2650,2719
1773038716.291845,TX,VELOCITY,180,420,,,,
1773038716.299861,RX,ODOM,99,122,,,,
1773038716.301708,RX,IMU,-7492,5408,4168,-1557,1846,2350
1773038716.319770,RX,ODOM,98,126,,,,
1773038716.321616,RX,IMU,9468,-8668,16224,-739,-2776,6143
1773038716.339753,RX,ODOM,96,128,,,,
1773038716.342780,RX,IMU,1460,8012,-640,-436,-1757,5858
1773038716.359640,RX,ODOM,94,132,,,,
1773038716.361461,RX,IMU,-32768,-20584,25828,587,3277,6910
1773038716.372161,TX,VELOCITY,180,420,,,,
1773038716.374056,TX,VELOCITY,420,180,,,,
1773038716.379665,RX,ODOM,90,133,,,,
1773038716.381379,RX,IMU,19448,8848,4708,-509,-3230,6688
1773038716.397907,TX,VELOCITY,420,180,,,,
1773038716.399451,RX,ODOM,89,133,,,,
1773038716.401311,RX,IMU,-2,-258,-258,-258,-258,-258
1773038716.419301,RX,ODOM,98,128,,,,
1773038716.421183,RX,IMU,17888,5452,2280,-155,-940,5817
1773038716.439182,RX,ODOM,103,122,,,,
1773038716.441097,RX,IMU,-8448,5304,32767,-1279,1041,1859
1773038716.459146,RX,ODOM,110,117,,,,
1773038716.460969,RX,IMU,1300,7556,20004,78,1263,1674
1773038716.479003,RX,ODOM,115,113,,,,
1773038716.498915,RX,ODOM,118,110,,,,
1773038716.500818,RX,IMU,15988,-6832,4216,-136,-1296,-380
1773038716.510621,TX,VELOCITY,420,180,,,,
1773038716.518960,RX,ODOM,121,106,,,,
1773038716.520700,RX,IMU,-928,-6852,12200,414,1366,-2640
1773038716.529300,TX,VELOCITY,300,300,,,,
1773038716.538848,RX,ODOM,125,104,,,,
1773038716.540606,RX,IMU,4420,7572,6400,-233,-2633,-3843
1773038716.558744,RX,ODOM,126,105,,,,
1773038716.560521,RX,IMU,-28876,-11112,18496,583,579,-4220
1773038716.572145,TX,VELOCITY,300,300,,,,
1773038716.579584,RX,ODOM,131,114,,,,
1773038716.581412,RX,IMU,-5644,13952,6204,-1273,690,-3768
1773038716.598604,RX,ODOM,118,104,,,,
1773038716.600377,RX,IMU,-11936,-5384,2952,823,-1261,-3779
1773038716.618426,RX,ODOM,124,110,,,,
1773038716.620229,RX,IMU,10404,7092,-692,-1151,1010,-2717
1773038716.622429,TX,VELOCITY,180,420,,,,
1773038716.638314,RX,ODOM,122,108,,,,
1773038716.658212,RX,ODOM,117,111,,,,
1773038716.678237,RX,ODOM,111,114,,,,
1773038716.679998,RX,IMU,-7492,-10204,6000,327,3873,226
1773038716.698080,RX,ODOM,110,120,,,,
1773038716.699894,RX,IMU,32767,4492,-700,-849,-2228,2884
1773038716.717983,RX,ODOM,104,122,,,,
1773038716.719857,RX,IMU,-128,-152,32767,-121,-2503,2295
1773038716.723116,TX,VELOCITY,-152,152,,,,
1773038716.728531,TX,VELOCITY,-152,152,,,,
1773038716.737938,RX,ODOM,102,126,,,,
1773038716.739734,RX,IMU,32767,12,-2884,-543,-5143,4009
1773038716.743219,TX,VELOCITY,0,0,,,,
1773038716.757946,RX,ODOM,88,120,,,,
1773038716.772159,TX,VELOCITY,0,0,,,,
1773038716.779584,RX,ODOM,88,124,,,,
1773038716.781428,RX,IMU,15116,-1024,11240,-1721,-3357,4684
1773038716.798686,RX,ODOM,76,101,,,,
1773038716.800545,RX,IMU,12356,-6780,5400,-852,-1567,4867
1773038716.818590,RX,ODOM,75,101,,,,
1773038716.820402,RX,IMU,20184,768,7156,-960,-4641,4265
1773038716.838452,RX,ODOM,71,96,,,,
1773038716.840274,RX,IMU,-32768,-5300,32460,-282,-937,4426
1773038716.856575,TX,VELOCITY,-152,152,,,,
1773038716.858362,RX,ODOM,69,89,,,,
1773038716.860277,RX,IMU,4452,1564,24224,63,684,4725
1773038716.878304,RX,ODOM,60,81,,,,
1773038716.880100,RX,IMU,1708,6212,7020,-346,-681,4040
1773038716.898173,RX,ODOM,37,72,,,,
1773038716.918120,RX,ODOM,22,68,,,,
1773038716.938040,RX,ODOM,14,64,,,,
1773038716.940007,RX,IMU,3952,-5600,13236,-2331,-62,8700
1773038716.947103,TX,VELOCITY,0,0,,,,
1773038716.957927,RX,ODOM,5,60,,,,
1773038716.961439,RX,IMU,-3936,-2756,31108,-564,-798,8824
1773038716.972174,TX,VELOCITY,0,0,,,,
1773038716.979707,RX,ODOM,1,61,,,,
1773038716.998661,RX,ODOM,1,47,,,,
1773038717.018632,RX,ODOM,0,42,,,,
1773038717.020508,RX,IMU,-16032,11324,16968,-716,2726,9323
1773038717.038514,RX,ODOM,0,37,,,,
1773038717.040335,RX,IMU,600,2008,14708,-909,-456,7915
1773038717.061821,RX,ODOM,0,40,,,,
1773038717.063729,RX,IMU,-2360,1292,16064,-567,1096,6175
1773038717.081356,RX,ODOM,0,31,,,,
1773038717.083287,RX,IMU,804,788,15972,-446,-431,4395
1773038717.101192,RX,ODOM,0,28,,,,
1773038717.103065,RX,IMU,-2676,-632,17584,-507,754,3139
1773038717.121126,RX,ODOM,0,26,,,,
1773038717.122994,RX,IMU,-1132,548,17420,-1401,-231,3160
1773038717.141072,RX,ODOM,0,22,,,,
1773038717.142903,RX,IMU,-96,-612,18104,-694,-103,2945
1773038717.160927,RX,ODOM,0,17,,,,
1773038717.162819,RX,IMU,-1316,544,18060,-750,304,2292
1773038717.172154,TX,VELOCITY,0,0,,,,
1773038717.180848,RX,ODOM,0,11,,,,
1773038717.192832,TX,VELOCITY,-300,-300,,,,
1773038717.200782,RX,ODOM,0,6,,,,
1773038717.202800,RX,IMU,-1336,1084,18024,-71,249,1922
1773038717.220670,RX,ODOM,-7,-2,,,,
1773038717.222538,RX,IMU,-944,512,17808,-118,156,1079
1773038717.240608,RX,ODOM,-20,-16,,,,
1773038717.242562,RX,IMU,-5060,620,17276,-703,984,79
1773038717.260531,RX,ODOM,-24,-22,,,,
1773038717.262440,RX,IMU,-4076,-976,17984,-976,868,232
1773038717.280470,RX,ODOM,-30,-26,,,,
1773038717.282215,RX,IMU,-3228,1156,16800,-1078,-529,303
1773038717.292578,TX,VELOCITY,-300,-300,,,,
1773038717.300275,RX,ODOM,-32,-32,,,,
1773038717.302252,RX,IMU,-5864,-180,32767,64,-1529,-263
1773038717.320163,RX,ODOM,-40,-40,,,,
1773038717.322072,RX,IMU,-1560,904,18336,461,628,-147
1773038717.340232,RX,ODOM,-46,-44,,,,
1773038717.342073,RX,IMU,-1648,152,15940,7,524,64
1773038717.360023,RX,ODOM,-48,-49,,,,
1773038717.361810,RX,IMU,-1780,-516,16164,-596,-258,550
1773038717.372132,TX,VELOCITY,-300,-300,,,,
1773038717.379909,RX,ODOM,-52,-52,,,,
1773038717.381824,RX,IMU,-1548,1116,17468,-389,111,254
1773038717.399116,TX,VELOCITY,-300,-300,,,,
1773038717.399767,RX,ODOM,-54,-53,,,,
1773038717.419791,RX,ODOM,-56,-56,,,,
1773038717.421586,RX,IMU,1608,1808,14552,-713,-504,-702
1773038717.439671,RX,ODOM,-60,-58,,,,
1773038717.441430,RX,IMU,-3092,1296,8952,-986,1154,55
1773038717.459443,RX,ODOM,-61,-62,,,,
1773038717.461302,RX,IMU,-4896,-1668,17240,-736,398,77
1773038717.479408,RX,ODOM,-63,-65,,,,
1773038717.481225,RX,IMU,1280,4952,21704,-158,1063,123
1773038717.499241,RX,ODOM,-65,-65,,,,
1773038717.501131,RX,IMU,-10940,804,18480,194,2151,-135
1773038717.508947,TX,VELOCITY,-420,-180,,,,
1773038717.519166,RX,ODOM,-66,-68,,,,
1773038717.521046,RX,IMU,-17804,-7400,19912,-297,-1562,119
1773038717.539115,RX,ODOM,-72,-65,,,,
1773038717.540977,RX,IMU,-7084,1740,12360,-1197,1594,721
1773038717.559469,RX,ODOM,-81,-63,,,,
1773038717.561288,RX,IMU,-5020,548,15200,-527,344,2205
1773038717.572130,TX,VELOCITY,-420,-180,,,,
1773038717.579502,RX,ODOM,-85,-61,,,,
1773038717.581485,RX,IMU,-7400,2360,12848,-95,2193,2769
1773038717.598730,RX,ODOM,-83,-57,,,,
1773038717.600638,RX,IMU,-1388,-1140,14580,-409,-1073,3270
1773038717.618681,RX,ODOM,-90,-58,,,,
1773038717.619656,TX,VELOCITY,-420,-180,,,,
1773038717.620479,RX,IMU,2252,-2024,28884,-939,449,5542
1773038717.638130,TX,VELOCITY,-300,-300,,,,
1773038717.638578,RX,ODOM,-93,-58,,,,
1773038717.640411,RX,IMU,10776,-1420,4216,-175,726,5584
1773038717.658535,RX,ODOM,-95,-58,,,,
1773038717.660359,RX,IMU,-1648,140,11948,-1142,2365,6868
1773038717.678433,RX,ODOM,-93,-62,,,,
1773038717.680272,RX,IMU,-3408,-1536,13092,-1015,1392,6771
1773038717.698179,RX,ODOM,-91,-65,,,,
1773038717.700052,RX,IMU,-388,2908,13000,211,232,5332
1773038717.718128,RX,ODOM,-90,-67,,,,
1773038717.728909,TX,VELOCITY,-300,-300,,,,
1773038717.738052,RX,ODOM,-90,-68,,,,
1773038717.739907,RX,IMU,1408,4236,10216,212,484,3277
1773038717.757955,RX,ODOM,-88,-68,,,,
1773038717.759705,RX,IMU,-848,4060,27772,-1225,1550,2763
1773038717.772132,TX,VELOCITY,-300,-300,,,,
1773038717.779507,RX,ODOM,-96,-78,,,,
1773038717.781375,RX,IMU,2460,3620,14296,-285,456,2571
1773038717.798645,RX,ODOM,-83,-72,,,,
1773038717.800533,RX,IMU,-4892,-1488,15156,-601,1483,2362
1773038717.818520,RX,ODOM,-86,-75,,,,
1773038717.820333,RX,IMU,2936,5036,11636,-827,-933,2101
1773038717.838456,RX,ODOM,-87,-77,,,,
1773038717.840265,RX,IMU,-1888,-7340,27152,-626,-869,1783
1773038717.851937,TX,VELOCITY,-180,-420,,,,
1773038717.859431,RX,ODOM,-90,-82,,,,
1773038717.861292,RX,IMU,5500,1656,11724,220,-1262,1543
1773038717.879165,RX,ODOM,-85,-81,,,,
1773038717.881132,RX,IMU,4044,-6532,-1260,-1134,723,1003
1773038717.899028,RX,ODOM,-81,-87,,,,
1773038717.900999,RX,IMU,880,4900,19300,516,2101,-1170
1773038717.918927,RX,ODOM,-79,-93,,,,
1773038717.920751,RX,IMU,72,1500,17296,573,-105,-1458
1773038717.938792,RX,ODOM,-75,-97,,,,
1773038717.940625,RX,IMU,-5604,-2480,14532,-119,-478,-2113
1773038717.950308,TX,VELOCITY,-180,-420,,,,
1773038717.958663,RX,ODOM,-74,-100,,,,
1773038717.960560,RX,IMU,3032,1772,2732,-936,2725,-3752
1773038717.972206,TX,VELOCITY,-180,-420,,,,
1773038717.979635,RX,ODOM,-76,-106,,,,
1773038717.981456,RX,IMU,-9888,-268,20088,729,563,-4955
1773038717.999548,RX,ODOM,-71,-104,,,,
1773038718.001360,RX,IMU,-11740,1860,17880,957,4851,-6425
1773038718.019430,RX,ODOM,-69,-106,,,,
1773038718.021175,RX,IMU,5368,6508,10936,-118,-1749,-6354
1773038718.039330,RX,ODOM,-67,-109,,,,
1773038718.041054,RX,IMU,-13092,8984,20860,302,-232,-6889
1773038718.057834,TX,VELOCITY,-180,-420,,,,
1773038718.059087,RX,ODOM,-65,-111,,,,
1773038718.061028,RX,IMU,2504,1816,15656,368,1331,-7884
1773038718.078981,RX,ODOM,-64,-112,,,,
1773038718.080835,RX,IMU,-16492,-3184,32767,-114,-2987,-7611
1773038718.098879,RX,ODOM,-62,-114,,,,
1773038718.100700,RX,IMU,7212,-21528,13704,-389,-493,-6592
1773038718.118728,RX,ODOM,-61,-116,,,,
1773038718.120620,RX,IMU,-2800,-2892,11880,-406,4985,-7691
1773038718.138604,RX,ODOM,-61,-116,,,,
1773038718.140496,RX,IMU,-6632,6060,19140,694,-1493,-8803
1773038718.158583,RX,ODOM,-62,-116,,,,
1773038718.160414,RX,IMU,2720,4928,24748,-156,1047,-9558
1773038718.163348,TX,VELOCITY,-180,-420,,,,
1773038718.172072,TX,VELOCITY,-180,-420,,,,
1773038718.179616,RX,ODOM,-64,-126,,,,
1773038718.181365,RX,IMU,8336,10760,4040,-671,-765,-8650
1773038718.199304,RX,ODOM,-60,-117,,,,
1773038718.201148,RX,IMU,-392,8296,6956,-635,2586,-9106
1773038718.209842,TX,VELOCITY,-300,-300,,,,
1773038718.219222,RX,ODOM,-62,-117,,,,
1773038718.221027,RX,IMU,-1336,4212,20464,636,-1544,-9750
1773038718.239120,RX,ODOM,-62,-118,,,,
1773038718.240886,RX,IMU,5156,12116,8144,498,-3377,-9897
1773038718.259017,RX,ODOM,-69,-114,,,,
1773038718.260720,RX,IMU,9516,1420,4612,234,-2204,-8781
1773038718.274401,TX,VELOCITY,-300,-300,,,,
1773038718.281773,RX,ODOM,-83,-128,,,,
1773038718.283740,RX,IMU,20216,2684,-11312,-316,3254,-7019
1773038718.301740,RX,ODOM,-74,-110,,,,
1773038718.303606,RX,IMU,-6504,-600,10640,-1784,2038,-6231
1773038718.321564,RX,ODOM,-74,-109,,,,
1773038718.323494,RX,IMU,-8224,-1952,10772,324,4219,-5524
1773038718.341502,RX,ODOM,-77,-108,,,,
1773038718.343336,RX,IMU,24772,7252,-14408,1065,2768,-5158
1773038718.361457,RX,ODOM,-77,-108,,,,
1773038718.363223,RX,IMU,836,460,17440,-5,-2810,-3184
1773038718.372119,TX,VELOCITY,-300,-300,,,,
1773038718.381235,RX,ODOM,-80,-107,,,,
1773038718.382209,TX,VELOCITY,-300,-300,,,,
1773038718.383285,RX,IMU,836,460,17440,-5,-2810,-3184
1773038718.401201,RX,ODOM,-82,-105,,,,
1773038718.420993,RX,ODOM,-84,-104,,,,
1773038718.422944,RX,IMU,-2268,-2308,18708,129,-3745,-3280
1773038718.440922,RX,ODOM,-84,-103,,,,
1773038718.442747,RX,IMU,2580,-8524,8588,-88,-1225,-3300
1773038718.460808,RX,ODOM,-87,-103,,,,
1773038718.462642,RX,IMU,1404,-864,23780,-65,-685,-2311
1773038718.480710,RX,ODOM,-87,-103,,,,
1773038718.482531,RX,IMU,-4908,6268,32767,300,2925,-1492
1773038718.494864,TX,VELOCITY,-300,-300,,,,
1773038718.502290,RX,ODOM,-96,-110,,,,
1773038718.504068,RX,IMU,6600,7628,12744,610,1443,-2191
1773038718.521464,RX,ODOM,-86,-99,,,,
1773038718.523357,RX,IMU,-17140,-3520,17668,-447,2615,-2793
1773038718.541321,RX,ODOM,-92,-102,,,,
1773038718.543312,RX,IMU,68,1960,11896,415,-511,-1719
1773038718.561211,RX,ODOM,-92,-102,,,,
1773038718.563076,RX,IMU,-1388,3584,19800,155,1882,-1360
1773038718.572185,TX,VELOCITY,-300,-300,,,,
1773038718.581250,RX,ODOM,-90,-101,,,,
1773038718.583168,RX,IMU,25612,100,-904,-70,-1429,-2097
1773038718.601084,RX,ODOM,-91,-100,,,,
1773038718.602901,RX,IMU,7844,3204,1360,481,643,-2081
1773038718.606431,TX,VELOCITY,-300,-300,,,,
1773038718.620939,RX,ODOM,-91,-102,,,,
1773038718.622811,RX,IMU,-2028,2728,-752,-220,-432,-2045
1773038718.640846,RX,ODOM,-91,-102,,,,
1773038718.660654,RX,ODOM,-91,-102,,,,
1773038718.662558,RX,IMU,-17964,-2196,20720,-126,2455,-998
1773038718.680541,RX,ODOM,-92,-103,,,,
1773038718.682387,RX,IMU,-9380,3664,28832,820,-2390,-1394
1773038718.700394,RX,ODOM,-94,-101,,,,
1773038718.702333,RX,IMU,252,2100,15460,306,-1407,-1565
1773038718.710992,TX,VELOCITY,-300,-300,,,,
1773038718.720306,RX,ODOM,-93,-102,,,,
1773038718.722178,RX,IMU,-5448,6712,13368,139,360,-1909
1773038718.740224,RX,ODOM,-93,-101,,,,
1773038718.742139,RX,IMU,4772,-3736,28660,-1265,-44,-1451
1773038718.760041,RX,ODOM,-94,-102,,,,
1773038718.761912,RX,IMU,-9588,-10624,32767,-563,-4008,-811
1773038718.772160,TX,VELOCITY,-300,-300,,,,
1773038718.779981,RX,ODOM,-94,-102,,,,
1773038718.781761,RX,IMU,-6440,1368,-7984,-77,4919,-1515
1773038718.799788,RX,ODOM,-96,-102,,,,
1773038718.801646,RX,IMU,-19800,-8232,13820,-1398,6434,-1369
1773038718.819678,RX,ODOM,-96,-103,,,,
1773038718.820516,TX,VELOCITY,-420,-180,,,,
1773038718.821589,RX,IMU,-1032,10288,6140,-407,-412,-329
1773038718.839638,RX,ODOM,-96,-101,,,,
1773038718.841492,RX,IMU,4252,3972,12804,-372,-1019,-1235
1773038718.859443,RX,ODOM,-100,-98,,,,
1773038718.861275,RX,IMU,-5192,-4760,32767,-55,-2700,-745
1773038718.873649,TX,VELOCITY,-300,-300,,,,
1773038718.881165,RX,ODOM,-116,-103,,,,
1773038718.900250,RX,ODOM,-103,-90,,,,
1773038718.902093,RX,IMU,5000,13624,796,-743,-2052,2704
1773038718.920196,RX,ODOM,-105,-98,,,,
1773038718.922087,RX,IMU,-16380,-1056,32767,818,-3762,1828
1773038718.929850,TX,VELOCITY,-300,-300,,,,
1773038718.939949,RX,ODOM,-105,-98,,,,
1773038718.959806,RX,ODOM,-103,-99,,,,
1773038718.961690,RX,IMU,-7828,-10064,13456,-649,3169,1316
1773038718.972123,TX,VELOCITY,-300,-300,,,,
1773038718.979827,RX,ODOM,-102,-100,,,,
1773038718.981673,RX,IMU,-11024,10472,14016,-530,-1324,1821
1773038718.999726,RX,ODOM,-101,-99,,,,
1773038719.001477,RX,IMU,-2296,3764,17024,-59,-159,1160
1773038719.019611,RX,ODOM,-103,-100,,,,
1773038719.021371,RX,IMU,5256,-2468,17248,858,-3619,-632
1773038719.039513,TX,VELOCITY,-300,-300,,,,
1773038719.039551,RX,ODOM,-102,-100,,,,
1773038719.041199,RX,IMU,19172,-11080,980,381,174,-392
1773038719.059351,RX,ODOM,-100,-100,,,,
1773038719.061121,RX,IMU,-5692,-11824,15124,-1784,5594,915
1773038719.079201,RX,ODOM,-100,-100,,,,
1773038719.080966,RX,IMU,504,14432,7012,-565,-1198,448
1773038719.099098,RX,ODOM,-100,-100,,,,
1773038719.100844,RX,IMU,7028,-648,32767,93,-10,-457
1773038719.118863,RX,ODOM,-101,-102,,,,
1773038719.120754,RX,IMU,27188,-1924,2932,1513,-1231,-1581
1773038719.138817,RX,ODOM,-101,-103,,,,
1773038719.140611,RX,IMU,-16028,-13216,21880,7,4332,-389
1773038719.153074,TX,VELOCITY,-420,-180,,,,
1773038719.160464,RX,ODOM,-110,-114,,,,
1773038719.162359,RX,IMU,-3348,3944,11328,-2160,-4434,1190
1773038719.172152,TX,VELOCITY,-420,-180,,,,
1773038719.179538,RX,ODOM,-97,-98,,,,
1773038719.181490,RX,IMU,-548,-3420,32767,-1574,-3081,392
1773038719.187059,TX,VELOCITY,-300,-300,,,,
1773038719.199522,RX,ODOM,-107,-98,,,,
1773038719.201327,RX,IMU,18836,-4188,5276,776,1193,9
1773038719.219231,RX,ODOM,-108,-97,,,,
1773038719.221163,RX,IMU,-11508,-2236,7092,-481,4437,716
1773038719.239207,RX,ODOM,-106,-100,,,,
1773038719.240994,RX,IMU,-268,8060,9628,205,1431,1993
1773038719.259046,RX,ODOM,-104,-101,,,,
1773038719.260900,RX,IMU,-10072,-3788,15220,-86,1194,1202
1773038719.276934,TX,VELOCITY,-300,-300,,,,
1773038719.284340,RX,ODOM,-134,-129,,,,
1773038719.286287,RX,IMU,15740,336,-9352,306,2597,1217
1773038719.303770,RX,ODOM,-102,-100,,,,
1773038719.305628,RX,IMU,6804,5432,32767,-719,1091,697
1773038719.323643,RX,ODOM,-106,-101,,,,
1773038719.325494,RX,IMU,1044,-4268,-4916,-270,3659,731
1773038719.343634,RX,ODOM,-106,-101,,,,
1773038719.345476,RX,IMU,-14472,-5356,21708,21,-4181,1224
1773038719.363405,RX,ODOM,-106,-101,,,,
1773038719.365268,RX,IMU,-9004,5508,9212,-431,-3332,56
1773038719.366824,TX,VELOCITY,-420,-180,,,,
1773038719.372061,TX,VELOCITY,-420,-180,,,,
1773038719.383291,RX,ODOM,-106,-102,,,,
1773038719.385154,RX,IMU,348,-2644,32767,1228,-2851,-672
1773038719.403272,RX,ODOM,-111,-99,,,,
1773038719.405124,RX,IMU,76,-6196,4092,-179,2884,701
1773038719.423174,RX,ODOM,-113,-97,,,,
1773038719.425032,RX,IMU,-5828,5764,6248,68,5302,2072
1773038719.443013,RX,ODOM,-116,-94,,,,
1773038719.461287,TX,VELOCITY,-300,-300,,,,
1773038719.462868,RX,ODOM,-119,-93,,,,
1773038719.464794,RX,IMU,-22496,-3888,23460,912,1901,4188
1773038719.475840,TX,VELOCITY,-300,-300,,,,
1773038719.483261,RX,ODOM,-123,-93,,,,
1773038719.485082,RX,IMU,5612,10708,-5480,-309,-303,4441
1773038719.502678,RX,ODOM,-114,-92,,,,
1773038719.504436,RX,IMU,3316,3164,32767,-773,1065,5077
1773038719.522545,RX,ODOM,-114,-97,,,,
1773038719.524302,RX,IMU,-30320,1032,9276,1189,4134,5604
1773038719.542346,RX,ODOM,-114,-98,,,,
1773038719.544194,RX,IMU,-7000,900,17572,658,-2771,3764
1773038719.562307,RX,ODOM,-114,-98,,,,
1773038719.564126,RX,IMU,-13076,10908,32767,-146,-1143,2009
1773038719.572135,TX,VELOCITY,-300,-300,,,,
1773038719.582193,RX,ODOM,-113,-98,,,,
1773038719.583973,RX,IMU,7820,6024,-4628,-1094,3226,1390
1773038719.587118,TX,VELOCITY,-300,-300,,,,
1773038719.601996,RX,ODOM,-113,-98,,,,
1773038719.603862,RX,IMU,372,15416,1976,-1245,-559,2011
1773038719.621902,RX,ODOM,-112,-100,,,,
1773038719.623732,RX,IMU,1444,-2744,32767,-84,-2358,1086
1773038719.641798,RX,ODOM,-112,-101,,,,
1773038719.643653,RX,IMU,11188,1156,-9760,-82,3760,586
1773038719.661737,RX,ODOM,-110,-103,,,,
1773038719.663605,RX,IMU,2688,6516,11196,118,95,1523
1773038719.681611,RX,ODOM,-108,-104,,,,
1773038719.683392,RX,IMU,-8900,-444,32767,-1017,-750,1564
1773038719.694731,TX,VELOCITY,-300,-300,,,,
1773038719.702118,RX,ODOM,-110,-108,,,,
1773038719.704135,RX,IMU,-23192,-7864,23816,371,3585,1014
1773038719.721361,RX,ODOM,-104,-100,,,,
1773038719.723218,RX,IMU,5948,9224,-956,17,-1349,213
1773038719.741354,RX,ODOM,-106,-104,,,,
1773038719.761238,RX,ODOM,-107,-105,,,,
1773038719.763079,RX,IMU,-6660,-13308,14340,-623,3945,758
1773038719.772124,TX,VELOCITY,-300,-300,,,,
1773038719.781187,RX,ODOM,-107,-105,,,,
1773038719.782902,RX,IMU,2004,8368,3140,-704,-1953,-217
1773038719.800902,RX,ODOM,-105,-104,,,,
1773038719.802753,RX,IMU,19372,-5492,18240,221,-5175,-509
1773038719.805837,TX,VELOCITY,-300,-300,,,,
1773038719.820883,RX,ODOM,-105,-103,,,,
1773038719.822753,RX,IMU,-21204,-9408,12232,-667,4193,-436
1773038719.840812,RX,ODOM,-105,-103,,,,
1773038719.842635,RX,IMU,624,8960,16708,-839,-1991,32
1773038719.860601,RX,ODOM,-105,-105,,,,
1773038719.862487,RX,IMU,10084,1920,32767,-861,2273,177
1773038719.880617,RX,ODOM,-105,-105,,,,
1773038719.882339,RX,IMU,14408,-5380,-5248,902,1578,-297
1773038719.900414,RX,ODOM,-105,-106,,,,
1773038719.902303,RX,IMU,-6172,4524,17372,266,338,46
1773038719.914836,TX,VELOCITY,-300,-300,,,,
1773038719.922207,RX,ODOM,-114,-117,,,,
1773038719.924107,RX,IMU,-12212,-3084,32767,-587,-4515,-168
1773038719.941168,RX,ODOM,-99,-101,,,,
1773038719.943038,RX,IMU,-27880,-5932,7444,-484,6098,335
1773038719.961159,RX,ODOM,-105,-108,,,,
1773038719.963042,RX,IMU,196,12024,-2168,-661,1309,-16
1773038719.972115,TX,VELOCITY,-300,-300,,,,
1773038719.981009,RX,ODOM,-105,-107,,,,
1773038719.982825,RX,IMU,15208,-568,14312,1565,-3144,-1051
1773038720.000927,RX,ODOM,-108,-108,,,,
1773038720.002732,RX,IMU,-21092,-8200,17680,-52,2983,-1037
1773038720.020896,RX,ODOM,-108,-108,,,,
1773038720.022644,RX,IMU,6000,10864,-7384,-1395,2071,-294
1773038720.023307,TX,VELOCITY,-300,-300,,,,
1773038720.040681,RX,ODOM,-107,-108,,,,
1773038720.042603,RX,IMU,1132,-816,26576,623,-3690,-1387
1773038720.060538,RX,ODOM,-107,-108,,,,
1773038720.062469,RX,IMU,-11940,-10300,23368,-408,2197,-1031
1773038720.080455,RX,ODOM,-105,-108,,,,
1773038720.082353,RX,IMU,5308,5484,16980,555,626,-825
1773038720.100366,RX,ODOM,-104,-109,,,,
1773038720.102138,RX,IMU,26404,-9312,-5672,533,-1544,-620
1773038720.120286,RX,ODOM,-103,-108,,,,
1773038720.122083,RX,IMU,-1420,-9056,14228,-55,730,475
1773038720.140078,RX,ODOM,-105,-110,,,,
1773038720.141964,RX,IMU,-12660,-2152,32767,-1053,-1709,-536
1773038720.143709,TX,VELOCITY,-300,-300,,,,
1773038720.160041,RX,ODOM,-104,-108,,,,
1773038720.161921,RX,IMU,-13108,-9960,-940,1254,1249,241
1773038720.172108,TX,VELOCITY,-300,-300,,,,
1773038720.179981,RX,ODOM,-104,-104,,,,
1773038720.181821,RX,IMU,-7160,-3232,12448,1374,-177,-256
1773038720.199914,RX,ODOM,-104,-105,,,,
1773038720.201727,RX,IMU,12768,6752,9452,-598,1466,-1566
1773038720.219818,RX,ODOM,-104,-106,,,,
1773038720.221645,RX,IMU,-32768,-10704,24684,-1040,-1289,-1046
1773038720.239694,RX,ODOM,-105,-108,,,,
1773038720.241506,RX,IMU,-4260,6044,10872,-236,-1066,249
1773038720.246060,TX,VELOCITY,-180,-420,,,,
1773038720.259514,RX,ODOM,-104,-109,,,,
1773038720.261403,RX,IMU,-8080,912,32767,-694,-1368,-1013
1773038720.267233,TX,VELOCITY,-300,-300,,,,
1773038720.279427,RX,ODOM,-100,-112,,,,
1773038720.281328,RX,IMU,-30396,-5044,24976,-151,-3056,-842
1773038720.299290,RX,ODOM,-100,-112,,,,
1773038720.301105,RX,IMU,9060,3948,-1004,-492,234,-1433
1773038720.319126,RX,ODOM,-102,-111,,,,
1773038720.320973,RX,IMU,14056,-3500,700,-384,2143,-1311
1773038720.339125,RX,ODOM,-103,-109,,,,
1773038720.340942,RX,IMU,-5788,-3144,9380,-1475,6401,-1008
1773038720.352153,TX,VELOCITY,-300,-300,,,,
1773038720.359564,RX,ODOM,-107,-113,,,,
1773038720.361472,RX,IMU,-588,1848,32767,-367,-2652,-1807
1773038720.372080,TX,VELOCITY,-300,-300,,,,
1773038720.379445,RX,ODOM,-103,-110,,,,
1773038720.381380,RX,IMU,-1180,-508,13060,-363,225,-1672
1773038720.398759,RX,ODOM,-101,-107,,,,
1773038720.400679,RX,IMU,-592,5780,32248,-1062,-716,-723
1773038720.418690,RX,ODOM,-103,-110,,,,
1773038720.420491,RX,IMU,-8652,-3860,1208,139,3677,-311
1773038720.438604,RX,ODOM,-104,-111,,,,
1773038720.440413,RX,IMU,32767,13836,-29472,-33,-722,-1522
1773038720.458479,RX,ODOM,-106,-110,,,,
1773038720.459174,TX,VELOCITY,-300,-300,,,,
1773038720.460309,RX,IMU,32767,-1708,-7680,1450,-989,-734
1773038720.478350,RX,ODOM,-106,-111,,,,
1773038720.480238,RX,IMU,2388,8308,1272,-351,2797,-67
1773038720.498321,RX,ODOM,-106,-109,,,,
1773038720.500132,RX,IMU,12552,1868,32767,-1692,-593,-877
1773038720.518169,RX,ODOM,-108,-109,,,,
1773038720.519972,RX,IMU,11404,3680,-9100,1184,581,-769
1773038720.538017,RX,ODOM,-106,-110,,,,
1773038720.539919,RX,IMU,-5452,8796,9848,-654,-1202,-491
1773038720.558013,RX,ODOM,-108,-110,,,,
1773038720.559844,RX,IMU,25228,-5808,21188,923,-10959,-385
1773038720.571110,TX,VELOCITY,-300,-300,,,,
1773038720.572034,TX,VELOCITY,-300,-300,,,,
1773038720.578599,RX,ODOM,-112,-114,,,,
1773038720.597759,RX,ODOM,-103,-106,,,,
1773038720.599677,RX,IMU,228,1956,32767,-953,-4213,-1351
1773038720.617717,RX,ODOM,-107,-110,,,,
1773038720.619550,RX,IMU,32767,2588,-7412,-118,-2302,-673
1773038720.637716,RX,ODOM,-106,-109,,,,
1773038720.639372,RX,IMU,-664,8548,2836,-1397,-1774,236
1773038720.657510,RX,ODOM,-107,-109,,,,
1773038720.659314,RX,IMU,-352,-3364,5056,2259,-1027,-197
1773038720.677379,RX,ODOM,-107,-110,,,,
1773038720.678982,TX,VELOCITY,-300,-300,,,,
1773038720.679247,RX,IMU,7668,8740,4216,176,1842,-1245
1773038720.697212,RX,ODOM,-108,-109,,,,
1773038720.699067,RX,IMU,-4340,188,16568,-1178,-3189,-605
1773038720.717172,RX,ODOM,-108,-110,,,,
1773038720.719021,RX,IMU,16952,-792,-2740,-490,62,59
1773038720.737030,RX,ODOM,-108,-109,,,,
1773038720.738875,RX,IMU,14548,2040,2352,-1404,-2148,-574
1773038720.757017,RX,ODOM,-110,-110,,,,
1773038720.758896,RX,IMU,360,-2992,32767,-161,-6221,-1493
1773038720.772110,TX,VELOCITY,-300,-300,,,,
1773038720.779620,RX,ODOM,-122,-126,,,,
1773038720.781468,RX,IMU,-3536,4216,19588,-2109,779,-481
1773038720.788939,TX,VELOCITY,-300,-300,,,,
1773038720.798883,RX,ODOM,-102,-106,,,,
1773038720.800612,RX,IMU,32684,-6472,-5528,-1093,375,15
1773038720.818622,RX,ODOM,-109,-110,,,,
1773038720.820488,RX,IMU,12040,9576,5736,-899,-2026,-141
1773038720.838499,RX,ODOM,-110,-110,,,,
1773038720.840491,RX,IMU,5924,-22072,18508,-592,-2989,-1137
1773038720.858405,RX,ODOM,-110,-112,,,,
1773038720.860252,RX,IMU,-6356,-10048,9072,833,670,-790
1773038720.878309,RX,ODOM,-109,-112,,,,
1773038720.880187,RX,IMU,1832,9916,764,-498,4905,-518
1773038720.898278,RX,ODOM,-109,-112,,,,
1773038720.900098,RX,IMU,18540,-3516,5484,966,-967,209
1773038720.901235,TX,VELOCITY,-300,-300,,,,
1773038720.918118,RX,ODOM,-107,-112,,,,
1773038720.919985,RX,IMU,-10232,8008,204,-54,1790,-957
1773038720.938028,RX,ODOM,-108,-112,,,,
1773038720.939861,RX,IMU,23924,-12880,2832,577,-3065,-1348
1773038720.957927,RX,ODOM,-108,-111,,,,
1773038720.959880,RX,IMU,-4176,-4728,4840,-220,3315,-651
1773038720.972086,TX,VELOCITY,-300,-300,,,,
1773038720.979586,RX,ODOM,-116,-121,,,,
1773038720.981426,RX,IMU,17124,14696,-31644,-254,785,-57
1773038720.998719,RX,ODOM,-104,-108,,,,
1773038721.000600,RX,IMU,-3016,396,14768,-907,2001,274
1773038721.013045,TX,VELOCITY,-300,-300,,,,
1773038721.020437,RX,ODOM,-118,-120,,,,
1773038721.022306,RX,IMU,-13160,5716,-12280,267,5630,-1400
1773038721.042701,RX,ODOM,-120,-124,,,,
1773038721.044597,RX,IMU,-17808,-13172,32767,490,-6593,-897
1773038721.062452,RX,ODOM,-108,-108,,,,
1773038721.064382,RX,IMU,-32768,-14920,26908,-1014,7341,-264
1773038721.082423,RX,ODOM,-108,-109,,,,
1773038721.084228,RX,IMU,13428,7592,6476,-1739,-1530,363
1773038721.102292,RX,ODOM,-109,-109,,,,
1773038721.104192,RX,IMU,10868,656,-4876,960,876,-727
1773038721.120478,TX,VELOCITY,-300,-300,,,,
1773038721.122220,RX,ODOM,-109,-110,,,,
1773038721.124005,RX,IMU,-5284,10752,17896,-946,488,-58
1773038721.142224,RX,ODOM,-109,-110,,,,
1773038721.144076,RX,IMU,480,-27264,22528,122,-2220,-198
1773038721.162061,RX,ODOM,-107,-110,,,,
1773038721.163913,RX,IMU,-6724,-10808,8712,-590,1688,312
1773038721.172090,TX,VELOCITY,-300,-300,,,,
1773038721.181921,RX,ODOM,-108,-110,,,,
1773038721.183731,RX,IMU,17488,2012,27772,819,-2960,-360
1773038721.201776,RX,ODOM,-109,-110,,,,
1773038721.203640,RX,IMU,-6036,-11664,17004,-385,2772,-276
1773038721.221670,RX,ODOM,-109,-110,,,,
1773038721.223531,RX,IMU,7004,6552,32767,-1997,1911,798
1773038721.228588,TX,VELOCITY,0,0,,,,
1773038721.241593,RX,ODOM,-108,-110,,,,
1773038721.243565,RX,IMU,-8888,-324,-9168,-32,5481,-324
1773038721.261459,RX,ODOM,-106,-107,,,,
1773038721.263327,RX,IMU,-7720,5692,17188,-123,-3204,-588
1773038721.281410,RX,ODOM,-102,-101,,,,
1773038721.283389,RX,IMU,9972,-1968,1080,-1439,233,-1228
1773038721.301343,RX,ODOM,-97,-97,,,,
1773038721.303229,RX,IMU,23368,-2916,2516,-247,-1156,-316
1773038721.321259,RX,ODOM,-93,-94,,,,
1773038721.323075,RX,IMU,9396,1476,-4328,-728,2805,1087
1773038721.341203,RX,ODOM,-88,-89,,,,
1773038721.344215,RX,IMU,-16612,-176,9708,-414,4445,803
1773038721.361065,RX,ODOM,-84,-86,,,,
1773038721.362868,RX,IMU,20960,7520,20124,974,-4964,-414
1773038721.372111,TX,VELOCITY,0,0,,,,
1773038721.380918,RX,ODOM,-82,-80,,,,
1773038721.382821,RX,IMU,-1056,4012,32767,512,2977,378
1773038721.400958,RX,ODOM,-76,-78,,,,
1773038721.402728,RX,IMU,1664,-264,17712,-381,-917,769
1773038721.420758,RX,ODOM,-74,-73,,,,
1773038721.422611,RX,IMU,6540,-6880,6968,-528,1200,413
1773038721.440610,RX,ODOM,-70,-69,,,,
1773038721.442476,RX,IMU,8196,5856,6976,-472,288,395
1773038721.460536,RX,ODOM,-68,-66,,,,
1773038721.462438,RX,IMU,-920,-2032,11452,670,952,411
1773038721.480452,RX,ODOM,-63,-61,,,,
1773038721.482663,RX,IMU,108,264,15792,-100,-253,-389
1773038721.500442,RX,ODOM,-61,-58,,,,
1773038721.502277,RX,IMU,13644,1584,4464,-54,1119,-487
1773038721.520200,RX,ODOM,-56,-55,,,,
1773038721.522229,RX,IMU,676,-952,15096,-265,538,-198
1773038721.540602,RX,ODOM,-55,-53,,,,
1773038721.542466,RX,IMU,-936,824,19672,-698,-437,198
1773038721.560151,RX,ODOM,-49,-48,,,,
1773038721.561932,RX,IMU,1412,980,15320,-213,-137,-695
1773038721.572083,TX,VELOCITY,0,0,,,,
1773038721.579935,RX,ODOM,-46,-46,,,,
1773038721.581903,RX,IMU,540,-2908,21928,-87,-1226,-920
1773038721.599915,RX,ODOM,-40,-43,,,,
1773038721.601681,RX,IMU,-3268,1732,16664,-595,-233,-43
1773038721.619829,RX,ODOM,-38,-42,,,,
1773038721.621588,RX,IMU,-2976,2680,11504,-571,966,-71
1773038721.639733,RX,ODOM,-34,-37,,,,
1773038721.641521,RX,IMU,724,-1092,17476,-280,1412,-891
1773038721.659667,RX,ODOM,-30,-35,,,,
1773038721.661483,RX,IMU,884,-656,16568,11,148,-1216
1773038721.667437,TX,VELOCITY,300,300,,,,
1773038721.679505,RX,ODOM,-27,-32,,,,
1773038721.681361,RX,IMU,-876,-796,17404,-276,333,-492
1773038721.699396,RX,ODOM,-7,-13,,,,
1773038721.701211,RX,IMU,5336,-1152,18672,-1196,-1590,675
1773038721.719258,RX,ODOM,9,5,,,,
1773038721.721108,RX,IMU,908,1108,18276,-112,86,-87
1773038721.739275,RX,ODOM,19,17,,,,
1773038721.759105,RX,ODOM,23,23,,,,
1773038721.760911,RX,IMU,1752,-768,18900,122,509,-513
1773038721.772151,TX,VELOCITY,300,300,,,,
1773038721.776860,TX,VELOCITY,300,300,,,,
1773038721.779537,RX,ODOM,31,30,,,,
1773038721.781394,RX,IMU,460,-3304,18756,-490,-460,119
1773038721.798909,RX,ODOM,35,32,,,,
1773038721.818723,RX,ODOM,42,40,,,,
1773038721.820604,RX,IMU,344,-1312,17200,443,-839,225
1773038721.838736,RX,ODOM,49,46,,,,
1773038721.840574,RX,IMU,552,1016,15508,231,-246,309
1773038721.858550,RX,ODOM,52,51,,,,
1773038721.860403,RX,IMU,-1252,-1976,17052,-447,-788,681
1773038721.878554,RX,ODOM,52,54,,,,
1773038721.880323,RX,IMU,2720,784,27368,303,164,205
1773038721.898355,RX,ODOM,54,56,,,,
1773038721.900179,RX,IMU,-14004,-2328,23164,237,243,-932
1773038721.918346,RX,ODOM,56,57,,,,
1773038721.920138,RX,IMU,1036,2996,15424,-1403,751,19
1773038721.925673,TX,VELOCITY,300,300,,,,
1773038721.938144,RX,ODOM,62,60,,,,
1773038721.940022,RX,IMU,368,-1268,13108,-447,-334,513
1773038721.958065,RX,ODOM,63,61,,,,
1773038721.959901,RX,IMU,-24468,-8112,23452,60,1998,-33
1773038721.972090,TX,VELOCITY,300,300,,,,
1773038721.979449,RX,ODOM,69,68,,,,
1773038721.981420,RX,IMU,4732,-1364,18776,-270,-150,104
1773038721.992574,TX,VELOCITY,300,300,,,,
1773038722.000026,RX,ODOM,65,65,,,,
1773038722.001907,RX,IMU,5100,6732,30712,-1024,1141,379
1773038722.019659,RX,ODOM,61,63,,,,
1773038722.039623,RX,ODOM,62,65,,,,
1773038722.041410,RX,IMU,4648,-360,10288,141,1086,673
1773038722.059453,RX,ODOM,64,68,,,,
1773038722.061249,RX,IMU,-13488,-2432,24552,-5,-1816,-4
1773038722.079355,RX,ODOM,66,70,,,,
1773038722.081244,RX,IMU,2872,-4456,11796,-475,-600,483
1773038722.099283,RX,ODOM,68,68,,,,
1773038722.101092,RX,IMU,-17244,-3552,16896,-1010,2682,815
1773038722.102411,TX,VELOCITY,300,300,,,,
1773038722.119249,RX,ODOM,70,72,,,,
1773038722.120998,RX,IMU,12316,2256,12104,-413,40,-448
1773038722.138995,RX,ODOM,70,72,,,,
1773038722.140804,RX,IMU,-16604,-9440,17344,-521,6067,-108
1773038722.158822,RX,ODOM,71,72,,,,
1773038722.160675,RX,IMU,-996,-3512,17932,424,643,532
1773038722.172097,TX,VELOCITY,300,300,,,,
1773038722.179590,RX,ODOM,75,74,,,,
1773038722.181461,RX,IMU,18688,-4516,8412,-608,-3882,105
1773038722.198695,RX,ODOM,68,68,,,,
1773038722.200441,RX,IMU,924,-1396,13364,648,-1656,-275
1773038722.211796,TX,VELOCITY,180,420,,,,
1773038722.219178,RX,ODOM,74,74,,,,
1773038722.221097,RX,IMU,20364,-3620,9440,-283,-3798,-104
1773038722.238371,RX,ODOM,68,72,,,,
1773038722.240257,RX,IMU,3112,-576,16588,362,-1414,450
1773038722.258260,RX,ODOM,66,80,,,,
1773038722.260105,RX,IMU,-6068,-3964,15908,111,417,1285
1773038722.278188,RX,ODOM,64,85,,,,
1773038722.280063,RX,IMU,9680,864,32767,-792,704,2431
1773038722.298217,RX,ODOM,62,87,,,,
1773038722.299941,RX,IMU,-2772,6004,7528,-198,180,3318
1773038722.317910,RX,ODOM,61,90,,,,
1773038722.319739,RX,IMU,-20748,-8448,20628,-784,3667,4211
1773038722.325492,TX,VELOCITY,180,420,,,,
1773038722.337794,RX,ODOM,59,91,,,,
1773038722.339690,RX,IMU,5420,-6148,11692,415,-1408,5778
1773038722.357710,RX,ODOM,56,92,,,,
1773038722.359478,RX,IMU,-6428,1860,13388,-275,662,6637
1773038722.372049,TX,VELOCITY,180,420,,,,
1773038722.377362,TX,VELOCITY,300,300,,,,
1773038722.379469,RX,ODOM,58,105,,,,
1773038722.398482,RX,ODOM,50,94,,,,
1773038722.418366,RX,ODOM,57,96,,,,
1773038722.420184,RX,IMU,5020,2188,18540,-923,-882,6435
1773038722.430560,TX,VELOCITY,300,300,,,,
1773038722.438296,RX,ODOM,61,96,,,,
1773038722.440058,RX,IMU,5104,-3488,12644,-1019,-1845,5335
1773038722.458249,RX,ODOM,64,94,,,,
1773038722.459955,RX,IMU,2856,-1256,16812,-1043,-1653,4350
1773038722.478007,RX,ODOM,66,92,,,,
1773038722.479881,RX,IMU,-22560,-136,19908,-685,-2493,2235
1773038722.497899,RX,ODOM,70,90,,,,
1773038722.499749,RX,IMU,1580,1088,6380,-659,1258,2836
1773038722.517817,RX,ODOM,74,88,,,,
1773038722.519655,RX,IMU,5592,-3744,32767,-750,1397,3215
1773038722.537620,RX,ODOM,76,88,,,,
1773038722.539526,RX,IMU,336,-1016,23408,187,-1598,1958
1773038722.543201,TX,VELOCITY,300,300,,,,
1773038722.557537,RX,ODOM,76,87,,,,
1773038722.559379,RX,IMU,-8960,1920,9284,-168,935,1869
1773038722.572064,TX,VELOCITY,300,300,,,,
1773038722.579479,RX,ODOM,85,95,,,,
1773038722.581310,RX,IMU,-8172,2068,12768,-249,-752,1912
1773038722.599396,RX,ODOM,77,86,,,,
1773038722.601150,RX,IMU,15808,5372,5848,-733,-3778,1129
1773038722.619360,RX,ODOM,78,86,,,,
1773038722.621171,RX,IMU,-5708,-4744,9700,-715,3678,389
1773038722.639197,RX,ODOM,78,86,,,,
1773038722.641013,RX,IMU,3940,-3036,18740,20,65,564
1773038722.651709,TX,VELOCITY,300,300,,,,
1773038722.659077,RX,ODOM,80,86,,,,
1773038722.660931,RX,IMU,2308,280,7280,-698,6254,58
1773038722.678917,RX,ODOM,82,86,,,,
1773038722.680807,RX,IMU,-7160,1784,8560,-362,2399,1207
1773038722.698760,RX,ODOM,82,86,,,,
1773038722.700675,RX,IMU,7608,-6324,11692,-747,-1109,639
1773038722.718608,RX,ODOM,82,86,,,,
1773038722.720508,RX,IMU,-1860,3696,14332,-357,-5391,-304
1773038722.738493,RX,ODOM,83,88,,,,
1773038722.740368,RX,IMU,-11844,-10992,6788,-1092,8455,163
1773038722.757910,TX,VELOCITY,300,300,,,,
1773038722.758371,RX,ODOM,84,86,,,,
1773038722.760266,RX,IMU,4596,-3156,14812,-854,-1637,1040
1773038722.772199,TX,VELOCITY,300,300,,,,
1773038722.779591,RX,ODOM,91,93,,,,
1773038722.781439,RX,IMU,6676,4880,32767,-580,656,473
1773038722.799156,RX,ODOM,80,83,,,,
1773038722.801112,RX,IMU,6324,1564,13728,55,-974,-105
1773038722.819062,RX,ODOM,84,84,,,,
1773038722.839012,RX,ODOM,86,86,,,,
1773038722.840888,RX,IMU,-24324,4180,22108,20,-4537,467
1773038722.858839,RX,ODOM,84,87,,,,
1773038722.860676,RX,IMU,856,-5132,2784,-461,7735,-35
1773038722.876027,TX,VELOCITY,300,300,,,,
1773038722.883506,RX,ODOM,105,107,,,,
1773038722.885354,RX,IMU,17000,6704,7400,-24,-8021,362
1773038722.902817,RX,ODOM,81,83,,,,
1773038722.904431,RX,IMU,-32768,-3724,32767,372,-609,385
1773038722.922534,RX,ODOM,86,87,,,,
1773038722.924309,RX,IMU,12200,7676,32767,-627,1034,334
1773038722.942378,RX,ODOM,85,88,,,,
1773038722.944348,RX,IMU,-912,-3484,16408,468,-2787,129
1773038722.962333,RX,ODOM,87,89,,,,
1773038722.964226,RX,IMU,9824,2272,32767,145,-533,242
1773038722.972098,TX,VELOCITY,300,300,,,,
1773038722.980036,TX,VELOCITY,300,300,,,,
1773038722.987489,RX,ODOM,109,111,,,,
1773038722.989292,RX,IMU,11976,4272,18332,-1478,6349,786
1773038723.007048,RX,ODOM,84,87,,,,
1773038723.026873,RX,ODOM,85,89,,,,
1773038723.028765,RX,IMU,5104,-2096,16820,-279,-448,-20
1773038723.046853,RX,ODOM,88,90,,,,
1773038723.048736,RX,IMU,-1692,-2000,19520,-77,-345,629
1773038723.066657,RX,ODOM,88,90,,,,
1773038723.068532,RX,IMU,-8292,-2612,9104,-85,1830,612
1773038723.086551,RX,ODOM,88,90,,,,
1773038723.087939,TX,VELOCITY,300,300,,,,
1773038723.088435,RX,IMU,21848,-3960,2468,-733,-386,122
1773038723.106510,RX,ODOM,88,90,,,,
1773038723.108388,RX,IMU,-10928,6772,12768,4,-8685,-45
1773038723.126446,RX,ODOM,88,92,,,,
1773038723.128275,RX,IMU,32767,2304,-3080,-781,-4183,182
1773038723.146264,RX,ODOM,90,91,,,,
1773038723.148116,RX,IMU,-32768,-12300,31492,-455,5687,40
1773038723.166209,RX,ODOM,90,91,,,,
1773038723.167955,RX,IMU,-10928,-7364,10688,-391,5842,374
1773038723.172087,TX,VELOCITY,300,300,,,,
1773038723.186018,RX,ODOM,89,93,,,,
1773038723.187843,RX,IMU,24812,-2472,1232,-549,-1500,209
1773038723.195289,TX,VELOCITY,420,180,,,,
1773038723.205891,RX,ODOM,89,91,,,,
1773038723.207850,RX,IMU,9288,9932,32767,-515,3925,-111
1773038723.225883,RX,ODOM,94,88,,,,
1773038723.245754,RX,ODOM,98,85,,,,
1773038723.247551,RX,IMU,-3388,-1472,18156,1114,-2217,-1944
1773038723.265527,RX,ODOM,101,83,,,,
1773038723.267399,RX,IMU,11616,9124,32767,-435,1366,-2472
1773038723.285397,RX,ODOM,105,80,,,,
1773038723.287341,RX,IMU,-2156,2032,11528,-34,-1363,-3278
1773038723.305402,RX,ODOM,107,78,,,,
1773038723.306826,TX,VELOCITY,420,180,,,,
1773038723.307182,RX,IMU,7284,36,19020,290,-1143,-4065
1773038723.325218,RX,ODOM,109,78,,,,
1773038723.327072,RX,IMU,-4580,-6992,12720,-38,4260,-5402
1773038723.345218,RX,ODOM,110,75,,,,
1773038723.347032,RX,IMU,24820,-648,8100,-266,-2764,-5656
1773038723.364938,RX,ODOM,114,73,,,,
1773038723.366790,RX,IMU,-748,2444,4548,752,-3797,-6884
1773038723.372078,TX,VELOCITY,420,180,,,,
1773038723.384961,RX,ODOM,114,72,,,,
1773038723.404745,RX,ODOM,118,72,,,,
1773038723.406581,RX,IMU,-116,1492,7000,676,-5726,-6684
1773038723.414481,TX,VELOCITY,300,300,,,,
1773038723.424643,RX,ODOM,119,70,,,,
1773038723.426488,RX,IMU,20476,-4800,9064,211,-2204,-8147
1773038723.439636,TX,VELOCITY,180,420,,,,
1773038723.447124,RX,ODOM,133,84,,,,
1773038723.448981,RX,IMU,8616,3892,392,374,-7290,-7615
1773038723.466408,RX,ODOM,108,78,,,,
1773038723.468323,RX,IMU,-4852,5192,16383,-1,-1,-1
1773038723.486340,RX,ODOM,106,89,,,,
1773038723.488134,RX,IMU,3840,-2104,7392,-146,-1083,-4841
1773038723.506137,RX,ODOM,102,96,,,,
1773038723.508040,RX,IMU,3240,-4980,32767,-1538,2543,-1045
1773038723.523375,TX,VELOCITY,180,420,,,,
1773038723.534829,RX,ODOM,140,147,,,,
1773038723.536678,RX,IMU,-12576,-18796,10248,-1232,6912,-629
1773038723.553911,RX,ODOM,87,100,,,,
1773038723.555785,RX,IMU,-12736,-12888,4444,708,9053,2356
1773038723.572057,TX,VELOCITY,180,420,,,,
1773038723.573931,RX,ODOM,88,106,,,,
1773038723.593656,RX,ODOM,86,110,,,,
1773038723.595535,RX,IMU,17036,-6340,11216,-2173,-4470,4701
1773038723.613638,RX,ODOM,83,114,,,,
1773038723.615482,RX,IMU,-3076,2372,13976,-1362,1804,4382
1773038723.633501,RX,ODOM,80,118,,,,
1773038723.635497,RX,IMU,2424,9840,1116,-1554,1992,5631
1773038723.635597,TX,VELOCITY,180,420,,,,
1773038723.653446,RX,ODOM,78,120,,,,
1773038723.655183,RX,IMU,7036,-1948,32767,-1886,-392,7613
1773038723.673212,RX,ODOM,75,122,,,,
1773038723.693186,RX,ODOM,74,125,,,,
1773038723.695020,RX,IMU,-3388,-6252,19292,-633,-2155,7684
1773038723.713022,RX,ODOM,74,126,,,,
1773038723.715022,RX,IMU,-4252,-1592,9576,-2043,-525,8715
1773038723.733113,RX,ODOM,74,129,,,,
1773038723.734915,RX,IMU,-4252,-1592,9576,-2043,-525,8715
1773038723.744346,TX,VELOCITY,180,420,,,,
1773038723.753037,RX,ODOM,74,130,,,,
1773038723.754726,RX,IMU,-24976,-6888,16672,-90,3034,9484
1773038723.769444,TX,VELOCITY,420,180,,,,
1773038723.772012,TX,VELOCITY,420,180,,,,
1773038723.776915,RX,ODOM,88,158,,,,
1773038723.778774,RX,IMU,-14936,1540,14400,-453,-4436,9323
1773038723.796781,RX,ODOM,77,125,,,,
1773038723.798600,RX,IMU,-2004,12280,1508,-1162,1249,8280
1773038723.816726,RX,ODOM,88,119,,,,
1773038723.818465,RX,IMU,132,10232,32767,-259,-624,8110
1773038723.836533,RX,ODOM,94,114,,,,
1773038723.850744,TX,VELOCITY,420,180,,,,
1773038723.858128,RX,ODOM,109,118,,,,
1773038723.859997,RX,IMU,-11728,-13624,32767,-2208,-2441,2578
1773038723.877349,RX,ODOM,100,102,,,,
1773038723.879248,RX,IMU,-10312,-10424,14900,-178,2568,2002
1773038723.897301,RX,ODOM,108,102,,,,
1773038723.917154,RX,ODOM,111,102,,,,
1773038723.919024,RX,IMU,21876,8312,-3800,-1107,-1366,-2902
1773038723.936979,RX,ODOM,115,98,,,,
1773038723.938861,RX,IMU,5500,2260,5460,-293,-442,-3396
1773038723.956975,RX,ODOM,119,97,,,,
1773038723.958768,RX,IMU,-3372,696,32767,451,2623,-3535
1773038723.964316,TX,VELOCITY,420,180,,,,
1773038723.972013,TX,VELOCITY,420,180,,,,
1773038723.979421,RX,ODOM,139,106,,,,
1773038723.981412,RX,IMU,9224,2168,9460,-223,-5802,-4556
1773038723.998670,RX,ODOM,117,87,,,,
1773038724.000575,RX,IMU,22676,13616,1844,1077,-6584,-5023
1773038724.018642,RX,ODOM,122,86,,,,
1773038724.020485,RX,IMU,28676,6604,236,836,-6542,-4997
1773038724.038507,RX,ODOM,124,85,,,,
1773038724.040345,RX,IMU,27648,7272,-2100,952,-6751,-5801
1773038724.058416,RX,ODOM,122,83,,,,
1773038724.060242,RX,IMU,12524,-1308,20172,-1033,480,-6253
1773038724.069238,TX,VELOCITY,420,180,,,,
1773038724.078285,RX,ODOM,124,82,,,,
1773038724.098280,RX,ODOM,121,80,,,,
1773038724.100101,RX,IMU,4712,-6288,32767,-2080,1694,-6984
1773038724.118176,RX,ODOM,123,79,,,,
1773038724.119979,RX,IMU,6696,-5564,8512,-852,3862,-7085
1773038724.138027,RX,ODOM,124,78,,,,
1773038724.157943,RX,ODOM,126,77,,,,
1773038724.159806,RX,IMU,-6884,6800,8736,418,1752,-7231
1773038724.172112,TX,VELOCITY,420,180,,,,
1773038724.179729,RX,ODOM,138,81,,,,
1773038724.179972,TX,VELOCITY,420,180,,,,
1773038724.181465,RX,IMU,968,-5976,32767,-136,2788,-7835
1773038724.198791,RX,ODOM,121,70,,,,
1773038724.200615,RX,IMU,6696,-11332,13952,267,5011,-7908
1773038724.218549,RX,ODOM,127,71,,,,
1773038724.220488,RX,IMU,-17856,-8296,15996,85,5536,-8157
1773038724.238447,RX,ODOM,126,72,,,,
1773038724.240323,RX,IMU,14892,6728,6724,-216,-14339,-515
1773038724.258435,RX,ODOM,129,72,,,,
1773038724.278286,RX,ODOM,129,73,,,,
1773038724.280142,RX,IMU,-316,-6552,21560,686,-682,-9172
1773038724.296544,TX,VELOCITY,420,180,,,,
1773038724.298149,RX,ODOM,130,71,,,,
1773038724.300065,RX,IMU,29608,5180,1644,67,-6568,-9067
1773038724.318081,RX,ODOM,130,70,,,,
1773038724.320002,RX,IMU,2184,-18200,1892,-26,9013,-8612
1773038724.337971,RX,ODOM,131,71,,,,
1773038724.357894,RX,ODOM,133,71,,,,
1773038724.372040,TX,VELOCITY,420,180,,,,
1773038724.379467,RX,ODOM,144,77,,,,
1773038724.381372,RX,IMU,-10056,-20392,10996,129,5085,-8258
1773038724.398698,RX,ODOM,126,69,,,,
1773038724.400504,RX,IMU,2212,-3648,15468,-949,2291,-9038
1773038724.405800,TX,VELOCITY,420,180,,,,
1773038724.418625,RX,ODOM,130,73,,,,
1773038724.420409,RX,IMU,8436,7800,3284,506,-341,-9292
1773038724.438458,RX,ODOM,128,71,,,,
1773038724.440385,RX,IMU,1500,-18704,10116,532,3599,-8768
1773038724.440976,TX,VELOCITY,300,300,,,,
1773038724.458497,RX,ODOM,131,72,,,,
1773038724.460254,RX,IMU,5724,-4632,14624,326,-2037,-8387
1773038724.478334,RX,ODOM,127,78,,,,
1773038724.480068,RX,IMU,-2204,7772,32767,638,2502,-7460
1773038724.498133,RX,ODOM,126,83,,,,
1773038724.500035,RX,IMU,-9828,-1884,11268,915,-3658,-6130
1773038724.508902,TX,VELOCITY,180,420,,,,
1773038724.518116,RX,ODOM,124,86,,,,
1773038724.538027,RX,ODOM,117,91,,,,
1773038724.539770,RX,IMU,3984,-8296,8200,1064,-905,-4969
1773038724.557802,RX,ODOM,113,100,,,,
1773038724.559725,RX,IMU,8052,-6332,15972,5,-1,-1
1773038724.572052,TX,VELOCITY,180,420,,,,
1773038724.579413,RX,ODOM,122,114,,,,
1773038724.581289,RX,IMU,-6704,-5436,32767,-621,-3372,-2017
1773038724.598636,RX,ODOM,104,104,,,,
1773038724.600517,RX,IMU,19564,-5256,-11924,182,6001,-1730
1773038724.618496,RX,ODOM,108,110,,,,
1773038724.620454,RX,IMU,8376,-5360,13856,-177,-2612,2041
1773038724.620631,TX,VELOCITY,180,420,,,,
1773038724.638428,RX,ODOM,105,116,,,,
1773038724.640338,RX,IMU,19120,764,8460,820,-4393,2392
1773038724.658279,RX,ODOM,101,118,,,,
1773038724.678227,RX,ODOM,98,120,,,,
1773038724.680064,RX,IMU,14808,7952,-3320,-1399,3241,5222
1773038724.698096,RX,ODOM,92,122,,,,
1773038724.700022,RX,IMU,14052,6596,1568,-1817,969,6708
1773038724.717991,RX,ODOM,86,126,,,,
1773038724.719842,RX,IMU,2460,11392,-5812,-491,-836,6133
1773038724.726859,TX,VELOCITY,180,420,,,,
1773038724.737924,RX,ODOM,86,130,,,,
1773038724.739850,RX,IMU,5256,4076,10612,-1165,-1160,6416
1773038724.757808,RX,ODOM,84,132,,,,
1773038724.772044,TX,VELOCITY,180,420,,,,
1773038724.779422,RX,ODOM,92,144,,,,
1773038724.781290,RX,IMU,-3172,-1464,21364,-1862,6357,7234
1773038724.798637,RX,ODOM,80,127,,,,
1773038724.800658,RX,IMU,-4996,-3728,11224,-936,4610,7030
1773038724.818524,RX,ODOM,82,132,,,,
1773038724.820409,RX,IMU,-32768,-3684,32767,-1100,2277,-1
1773038724.838459,RX,ODOM,80,131,,,,
1773038724.840337,RX,IMU,-28516,-7772,24016,-422,-185,-515
1773038724.844516,TX,VELOCITY,180,420,,,,
1773038724.858343,RX,ODOM,80,131,,,,
1773038724.860200,RX,IMU,9812,-2164,7736,-1153,-1017,7775
1773038724.878300,RX,ODOM,79,128,,,,
1773038724.880030,RX,IMU,-4212,4252,5828,-483,863,7701
1773038724.898097,RX,ODOM,79,129,,,,
1773038724.900045,RX,IMU,10380,880,32767,-1279,536,8507
1773038724.917971,RX,ODOM,79,130,,,,
1773038724.937920,RX,ODOM,77,130,,,,
1773038724.939783,RX,IMU,156,-1596,13536,-1055,-272,7537
1773038724.951732,TX,VELOCITY,180,420,,,,
1773038724.959236,RX,ODOM,83,138,,,,
1773038724.961028,RX,IMU,5228,2124,11648,-375,3179,7836
1773038724.972021,TX,VELOCITY,180,420,,,,
1773038724.979465,RX,ODOM,77,132,,,,
1773038724.998576,RX,ODOM,74,125,,,,
1773038725.000473,RX,IMU,1412,-1976,32767,-2142,3926,9449
1773038725.022860,RX,ODOM,92,161,,,,
1773038725.024757,RX,IMU,-14353,-1,-1,-1,-1,-1
1773038725.042437,RX,ODOM,72,131,,,,
1773038725.044162,RX,IMU,2480,-600,24544,393,6512,9146
1773038725.056308,TX,VELOCITY,180,420,,,,
1773038725.063721,RX,ODOM,79,144,,,,
1773038725.083204,RX,ODOM,71,131,,,,
1773038725.085040,RX,IMU,-3172,2272,32767,-2530,-229,9763
1773038725.087349,TX,VELOCITY,300,300,,,,
1773038725.102973,RX,ODOM,75,134,,,,
1773038725.104842,RX,IMU,2224,-3472,8168,-586,-268,9050
1773038725.123140,RX,ODOM,79,130,,,,
1773038725.142844,RX,ODOM,86,128,,,,
1773038725.144684,RX,IMU,-3396,7780,27564,176,2349,5955
1773038725.162654,RX,ODOM,88,124,,,,
1773038725.164615,RX,IMU,-12764,-4304,32767,839,1523,6023
1773038725.164713,TX,VELOCITY,420,180,,,,
1773038725.172335,TX,VELOCITY,420,180,,,,
1773038725.182638,RX,ODOM,93,122,,,,
1773038725.184503,RX,IMU,-6924,3640,32767,-587,2365,5025
1773038725.202471,RX,ODOM,97,116,,,,
1773038725.204300,RX,IMU,10624,12000,4708,-1843,-21,5275
1773038725.222415,RX,ODOM,104,112,,,,
1773038725.224250,RX,IMU,4284,6140,8776,-465,-853,1971
1773038725.242246,RX,ODOM,110,110,,,,
1773038725.244111,RX,IMU,-304,5820,10312,-678,-688,-354
1773038725.262208,RX,ODOM,114,106,,,,
1773038725.264106,RX,IMU,7636,2804,32767,-228,3297,-1235
1773038725.278419,TX,VELOCITY,420,180,,,,
1773038725.285929,RX,ODOM,142,124,,,,
1773038725.305039,RX,ODOM,117,96,,,,
1773038725.306755,RX,IMU,2000,13756,5484,42,1460,-3352
1773038725.324767,RX,ODOM,123,98,,,,
1773038725.326667,RX,IMU,452,-540,32767,993,532,-5219
1773038725.344737,RX,ODOM,125,95,,,,
1773038725.346637,RX,IMU,-4700,-5580,10332,1542,1814,-5015
1773038725.364616,RX,ODOM,127,92,,,,
1773038725.366440,RX,IMU,27804,3744,4804,-1241,-3215,-5024
1773038725.372068,TX,VELOCITY,420,180,,,,
1773038725.384239,TX,VELOCITY,420,180,,,,
1773038725.384491,RX,ODOM,130,91,,,,
1773038725.386332,RX,IMU,5680,6552,-872,761,-2303,-6144
1773038725.404431,RX,ODOM,130,90,,,,
1773038725.406303,RX,IMU,444,-1796,32767,-253,394,-6614
1773038725.424294,RX,ODOM,130,88,,,,
1773038725.426141,RX,IMU,-26916,548,24292,1250,-4004,-6397
1773038725.444163,RX,ODOM,130,88,,,,
1773038725.445994,RX,IMU,19124,2628,9944,-91,-1529,-6586
1773038725.464058,RX,ODOM,132,86,,,,
1773038725.466075,RX,IMU,11756,-1932,7408,-311,-144,-6987
1773038725.484041,RX,ODOM,131,84,,,,
1773038725.485784,RX,IMU,-648,3928,10060,535,1946,-6836
1773038725.492329,TX,VELOCITY,420,180,,,,
1773038725.503819,RX,ODOM,131,83,,,,
1773038725.505907,RX,IMU,-32768,8412,24272,2090,-5819,-7069
1773038725.523787,RX,ODOM,130,83,,,,
1773038725.543715,RX,ODOM,132,82,,,,
1773038725.545458,RX,IMU,2324,-912,11100,-158,1639,-7211
1773038725.563489,RX,ODOM,133,82,,,,
1773038725.572328,TX,VELOCITY,420,180,,,,
1773038725.583423,RX,ODOM,133,81,,,,
1773038725.585339,RX,IMU,-32768,-22376,19116,880,7141,-7451
1773038725.603728,TX,VELOCITY,420,180,,,,
1773038725.603920,RX,ODOM,134,80,,,,
1773038725.623266,RX,ODOM,132,79,,,,
1773038725.625129,RX,IMU,144,13000,-1188,158,2814,-8163
1773038725.643073,RX,ODOM,134,80,,,,
1773038725.644993,RX,IMU,-6536,-24976,2656,894,4711,-8419
1773038725.660553,TX,VELOCITY,300,300,,,,
1773038725.667901,RX,ODOM,166,97,,,,
1773038725.669912,RX,IMU,-15904,-23904,13160,1236,3636,-8557
1773038725.674071,TX,VELOCITY,0,0,,,,
1773038725.686848,RX,ODOM,126,76,,,,
1773038725.706724,RX,ODOM,126,77,,,,
1773038725.708566,RX,IMU,-12920,-1372,32767,-391,-2897,-8525
1773038725.726632,RX,ODOM,121,71,,,,
1773038725.728458,RX,IMU,-3404,-8116,19380,732,-1946,-7790
1773038725.746601,RX,ODOM,117,67,,,,
1773038725.748429,RX,IMU,-1388,10808,340,-174,1487,-7824
1773038725.766373,RX,ODOM,112,62,,,,
1773038725.768291,RX,IMU,1940,7876,32767,-379,264,-6492
1773038725.771993,TX,VELOCITY,0,0,,,,
1773038725.786270,RX,ODOM,110,60,,,,
1773038725.788064,RX,IMU,-3304,304,19156,903,-630,-6225
1773038725.806111,RX,ODOM,105,58,,,,
1773038725.808046,RX,IMU,2548,456,17464,1199,-1381,-5853
1773038725.826096,RX,ODOM,101,54,,,,
1773038725.827975,RX,IMU,3744,-4864,12656,-4,-373,-6476
1773038725.839203,TX,VELOCITY,-300,-300,,,,
1773038725.846646,RX,ODOM,96,52,,,,
1773038725.848467,RX,IMU,-24228,-7164,22912,680,3065,-7150
1773038725.865735,RX,ODOM,70,36,,,,
1773038725.905651,RX,ODOM,10,-1,,,,
1773038725.907478,RX,IMU,-6632,-7316,17568,-206,3321,-3217
1773038725.925515,RX,ODOM,-4,-10,,,,
1773038725.927270,RX,IMU,-4264,-3200,14812,-318,1935,-1360
1773038725.945276,RX,ODOM,-12,-20,,,,
1773038725.947190,TX,VELOCITY,-420,-180,,,,
1773038725.947414,RX,IMU,-1736,-1768,14312,-25,-494,-241
1773038725.965262,RX,ODOM,-20,-26,,,,
1773038725.967005,RX,IMU,-4336,-484,16068,422,-2544,350
1773038725.971966,TX,VELOCITY,-420,-180,,,,
1773038725.985059,RX,ODOM,-32,-24,,,,
1773038725.986903,RX,IMU,-1336,-10008,5624,-1258,1402,1499
1773038726.005008,RX,ODOM,-44,-24,,,,
1773038726.006767,RX,IMU,-448,232,15708,519,-840,1639
1773038726.024980,RX,ODOM,-57,-28,,,,
1773038726.026744,RX,IMU,6972,-4212,16516,-1459,-984,1880
1773038726.044755,RX,ODOM,-68,-32,,,,
1773038726.046708,RX,IMU,-21400,8480,32767,-629,-4966,4853
1773038726.055000,TX,VELOCITY,-420,-180,,,,
1773038726.064821,RX,ODOM,-74,-36,,,,
1773038726.066571,RX,IMU,-872,1812,13952,-1365,438,6766
1773038726.084494,RX,ODOM,-77,-38,,,,
1773038726.086447,RX,IMU,3232,-3016,14052,-574,-435,7234
1773038726.104522,RX,ODOM,-78,-38,,,,
1773038726.106218,RX,IMU,-10616,-2020,32767,-990,700,7902
1773038726.124327,RX,ODOM,-83,-38,,,,
1773038726.126261,RX,IMU,1016,6200,13424,-975,69,8011
1773038726.144315,RX,ODOM,-88,-37,,,,
1773038726.146072,RX,IMU,-3864,1192,9048,-1658,3088,8044
1773038726.164166,RX,ODOM,-93,-38,,,,
1773038726.165906,RX,IMU,-5196,-3564,17440,-353,-3452,7758
1773038726.172042,TX,VELOCITY,-420,-180,,,,
1773038726.173524,TX,VELOCITY,-420,-180,,,,
1773038726.185007,RX,ODOM,-100,-41,,,,
1773038726.186905,RX,IMU,-1048,6680,12688,-1242,-1403,7871
1773038726.203980,RX,ODOM,-93,-38,,,,
1773038726.205801,RX,IMU,-14712,-5864,13140,-2216,1438,8019
1773038726.223894,RX,ODOM,-97,-42,,,,
1773038726.225727,RX,IMU,5836,-3616,25080,-661,-470,9159
1773038726.230683,TX,VELOCITY,-300,-300,,,,
1773038726.243735,RX,ODOM,-99,-44,,,,
1773038726.245608,RX,IMU,5584,652,7176,-1508,-811,9512
1773038726.263659,RX,ODOM,-97,-48,,,,
1773038726.265552,RX,IMU,-16132,-8108,22716,-858,2382,8849
1773038726.274986,TX,VELOCITY,-300,-300,,,,
1773038726.283544,RX,ODOM,-94,-54,,,,
1773038726.285929,RX,IMU,-7188,-1396,32767,-951,-2177,8107
1773038726.303588,RX,ODOM,-94,-57,,,,
1773038726.305517,RX,IMU,-624,-1304,18540,249,8,6506
1773038726.323308,RX,ODOM,-93,-59,,,,
1773038726.325543,RX,IMU,-14440,-4248,20680,-986,2571,4261
1773038726.343220,RX,ODOM,-93,-61,,,,
1773038726.345144,RX,IMU,-6564,-664,32767,-899,-4210,4308
1773038726.363096,RX,ODOM,-92,-63,,,,
1773038726.364958,RX,IMU,1496,4772,9640,-1140,-821,4642
1773038726.372043,TX,VELOCITY,-300,-300,,,,
1773038726.383068,RX,ODOM,-91,-68,,,,
1773038726.388387,TX,VELOCITY,-300,-300,,,,
1773038726.402900,RX,ODOM,-91,-69,,,,
1773038726.404703,RX,IMU,-6172,-1432,13964,-1126,4856,2250
1773038726.422822,RX,ODOM,-86,-70,,,,
1773038726.424612,RX,IMU,-7704,-1336,32767,-82,-356,1950
1773038726.442755,RX,ODOM,-87,-73,,,,
1773038726.444492,RX,IMU,-3556,-2436,16716,-597,466,3104
1773038726.462520,RX,ODOM,-87,-76,,,,
1773038726.464446,RX,IMU,-3220,580,12340,-47,431,2304
1773038726.482561,RX,ODOM,-87,-76,,,,
1773038726.492353,TX,VELOCITY,-300,-300,,,,
1773038726.502352,RX,ODOM,-87,-78,,,,
1773038726.504292,RX,IMU,21164,2932,980,-510,730,1099
1773038726.522291,RX,ODOM,-86,-77,,,,
1773038726.524161,RX,IMU,1792,36,21756,-585,776,1053
1773038726.542220,RX,ODOM,-85,-79,,,,
1773038726.543988,RX,IMU,-436,-3700,15772,-527,-151,1406
1773038726.562064,RX,ODOM,-86,-80,,,,
1773038726.563977,RX,IMU,-2760,1880,14312,-931,-1424,710
1773038726.572140,TX,VELOCITY,-300,-300,,,,
1773038726.581964,RX,ODOM,-87,-82,,,,
1773038726.583814,RX,IMU,-8868,-7176,18700,-492,1798,810
1773038726.601953,RX,ODOM,-88,-82,,,,
1773038726.603682,RX,IMU,17264,3036,-3364,-1141,1945,513
1773038726.604994,TX,VELOCITY,-300,-300,,,,
1773038726.621741,RX,ODOM,-88,-82,,,,
1773038726.623668,RX,IMU,-7324,5516,32767,-107,-1273,541
1773038726.641671,RX,ODOM,-87,-84,,,,
1773038726.643533,RX,IMU,-3228,1580,20196,-182,1148,314
1773038726.661520,RX,ODOM,-89,-84,,,,
1773038726.663394,RX,IMU,3068,-12,5136,-246,-481,-55
1773038726.681435,RX,ODOM,-88,-85,,,,
1773038726.683318,RX,IMU,-628,-1524,12736,-693,-712,621
1773038726.701361,RX,ODOM,-87,-87,,,,
1773038726.703247,RX,IMU,368,5356,11384,-938,-1365,1073
1773038726.714015,TX,VELOCITY,-300,-300,,,,
1773038726.721422,RX,ODOM,-88,-86,,,,
1773038726.723319,RX,IMU,-6880,-2536,14772,496,49,751
1773038726.741138,RX,ODOM,-88,-86,,,,
1773038726.742999,RX,IMU,-3520,4768,14620,952,431,-61
1773038726.761030,RX,ODOM,-90,-88,,,,
1773038726.762991,RX,IMU,204,-2576,12524,-250,965,-300
1773038726.772054,TX,VELOCITY,-300,-300,,,,
1773038726.781073,RX,ODOM,-89,-89,,,,
1773038726.782940,RX,IMU,5560,6028,396,-1378,-3,771
1773038726.800863,RX,ODOM,-90,-89,,,,
1773038726.802737,RX,IMU,3044,6280,992,-833,2952,188
1773038726.819150,TX,VELOCITY,-300,-300,,,,
1773038726.820791,RX,ODOM,-90,-90,,,,
1773038726.822659,RX,IMU,2404,4244,116,-681,4057,-802
1773038726.840760,RX,ODOM,-92,-90,,,,
1773038726.842645,RX,IMU,4664,3648,-5396,-311,4042,-662
1773038726.860633,RX,ODOM,-93,-92,,,,
1773038726.862496,RX,IMU,-1516,2312,2268,-988,4839,-53
1773038726.880479,RX,ODOM,-93,-92,,,,
1773038726.882488,RX,IMU,-4124,-592,5236,-1277,4092,364
1773038726.900365,RX,ODOM,-92,-92,,,,
1773038726.902268,RX,IMU,1876,-1664,4580,-1000,2214,175
1773038726.920346,RX,ODOM,-92,-92,,,,
1773038726.930467,TX,VELOCITY,-300,-300,,,,
1773038726.940238,RX,ODOM,-92,-92,,,,
1773038726.960142,RX,ODOM,-92,-93,,,,
1773038726.961992,RX,IMU,-2268,5588,8756,435,-1400,-381
1773038726.972018,TX,VELOCITY,-300,-300,,,,
1773038726.980013,RX,ODOM,-92,-94,,,,
1773038726.981896,RX,IMU,4548,2112,10776,-156,-1180,50
1773038726.999880,RX,ODOM,-92,-94,,,,
1773038727.001787,RX,IMU,4216,-1952,11544,331,-994,82
1773038727.019741,RX,ODOM,-93,-94,,,,
1773038727.021618,RX,IMU,-4844,4724,32767,1023,-3619,-394
1773038727.038453,TX,VELOCITY,-300,-300,,,,
1773038727.039630,RX,ODOM,-93,-94,,,,
1773038727.041501,RX,IMU,-9784,-10256,32767,320,-5437,-313
1773038727.059635,RX,ODOM,-94,-94,,,,
1773038727.061485,RX,IMU,-9416,-6480,32767,-286,-3593,551
1773038727.079506,RX,ODOM,-92,-94,,,,
1773038727.081301,RX,IMU,22600,-12164,4512,-781,-1599,-31
1773038727.099376,RX,ODOM,-94,-93,,,,
1773038727.101217,RX,IMU,26660,5876,-15208,-476,2417,-370
1773038727.119255,RX,ODOM,-94,-94,,,,
1773038727.121086,RX,IMU,19716,936,-976,-525,600,-416
1773038727.139220,RX,ODOM,-94,-94,,,,
1773038727.141044,RX,IMU,-11700,-100,16188,-1680,2809,702
1773038727.152879,TX,VELOCITY,-300,-300,,,,
1773038727.160439,RX,ODOM,-101,-102,,,,
1773038727.162163,RX,IMU,2664,7712,5608,-852,254,519
1773038727.172006,TX,VELOCITY,-300,-300,,,,
1773038727.179979,RX,ODOM,-93,-92,,,,
1773038727.181843,RX,IMU,-1488,3672,11400,-551,-3934,-54
1773038727.199935,RX,ODOM,-96,-94,,,,
1773038727.201699,RX,IMU,9704,-504,9360,-904,-2616,-178
1773038727.219715,RX,ODOM,-95,-94,,,,
1773038727.221592,RX,IMU,-6264,-500,32767,-1005,-3008,65
1773038727.239677,RX,ODOM,-96,-96,,,,
1773038727.241518,RX,IMU,2080,-21152,1408,-1182,-1537,880
1773038727.259656,RX,ODOM,-97,-96,,,,
1773038727.259773,TX,VELOCITY,-300,-300,,,,
1773038727.261449,RX,IMU,6496,5520,-2584,-766,1076,-346
1773038727.279505,RX,ODOM,-96,-95,,,,
1773038727.281279,RX,IMU,-12816,-10624,12572,-486,4866,-614
1773038727.299422,RX,ODOM,-98,-97,,,,
1773038727.301273,RX,IMU,18476,3612,4456,61,-1200,-419
1773038727.319218,RX,ODOM,-98,-98,,,,
1773038727.321100,RX,IMU,4,7424,8136,-816,-1129,226
1773038727.339200,RX,ODOM,-98,-98,,,,
1773038727.358999,RX,ODOM,-98,-99,,,,
1773038727.360985,RX,IMU,-2856,-7148,32767,-647,763,-13
1773038727.370584,TX,VELOCITY,-300,-300,,,,
1773038727.371947,TX,VELOCITY,-300,-300,,,,
1773038727.383459,RX,ODOM,-123,-122,,,,
1773038727.385329,RX,IMU,-11996,7956,23472,-919,2195,-470
1773038727.402775,RX,ODOM,-96,-95,,,,
1773038727.404819,RX,IMU,18340,420,11112,-913,-557,-151
1773038727.422780,RX,ODOM,-99,-99,,,,
1773038727.424525,RX,IMU,-15048,136,32767,-31,-1364,-3
1773038727.442557,RX,ODOM,-99,-100,,,,
1773038727.444426,RX,IMU,2472,-5672,1948,-246,1305,360
1773038727.462547,RX,ODOM,-100,-101,,,,
1773038727.464365,RX,IMU,-7264,320,16356,-2165,3211,-41
1773038727.476849,TX,VELOCITY,-300,-300,,,,
1773038727.484327,RX,ODOM,-109,-110,,,,
1773038727.503339,RX,ODOM,-96,-96,,,,
1773038727.505103,RX,IMU,5036,2164,13052,21,-969,-328
1773038727.523241,RX,ODOM,-100,-101,,,,
1773038727.524984,RX,IMU,-4632,2240,32767,7,-2856,-266
1773038727.543190,RX,ODOM,-100,-101,,,,
1773038727.544909,RX,IMU,16448,5544,13720,472,-7861,75
1773038727.562923,RX,ODOM,-102,-101,,,,
1773038727.564804,RX,IMU,-15584,-14716,17972,-1395,4198,465
1773038727.572016,TX,VELOCITY,-300,-300,,,,
1773038727.582905,RX,ODOM,-101,-101,,,,
1773038727.584658,RX,IMU,13660,7432,-1116,-1230,-1232,-68
1773038727.589184,TX,VELOCITY,-300,-300,,,,
1773038727.602743,RX,ODOM,-102,-102,,,,
1773038727.604568,RX,IMU,4952,2104,24692,389,2347,-44
1773038727.622638,RX,ODOM,-101,-100,,,,
1773038727.624449,RX,IMU,-12472,7764,32767,656,-1678,-527
1773038727.642518,RX,ODOM,-102,-102,,,,
1773038727.644365,RX,IMU,-11220,-1704,2416,-245,1209,116
1773038727.662477,RX,ODOM,-101,-102,,,,
1773038727.664210,RX,IMU,-15912,-6636,14152,-954,3890,203
1773038727.682395,RX,ODOM,-102,-102,,,,
1773038727.684101,RX,IMU,1636,3168,15124,-802,403,-443
1773038727.697982,TX,VELOCITY,-300,-300,,,,
1773038727.705408,RX,ODOM,-118,-120,,,,
1773038727.725126,RX,ODOM,-100,-103,,,,
1773038727.745075,RX,ODOM,-101,-103,,,,
1773038727.746820,RX,IMU,8252,6796,32767,-881,123,425
1773038727.764837,RX,ODOM,-102,-104,,,,
1773038727.766717,RX,IMU,5308,-5476,1192,423,2639,-1428
1773038727.772108,TX,VELOCITY,-300,-300,,,,
1773038727.784840,RX,ODOM,-104,-104,,,,
1773038727.786697,RX,IMU,-7972,-268,9516,-218,4937,-844
1773038727.804280,TX,VELOCITY,-300,-300,,,,
1773038727.804651,RX,ODOM,-102,-102,,,,
1773038727.806498,RX,IMU,-6968,2284,13576,-309,-305,307
1773038727.824534,RX,ODOM,-102,-103,,,,
1773038727.826490,RX,IMU,5040,1540,14040,-960,-1733,-82
1773038727.844466,RX,ODOM,-100,-102,,,,
1773038727.846269,RX,IMU,-9612,-1364,32767,113,-2165,-310
1773038727.864306,RX,ODOM,-101,-101,,,,
1773038727.884330,RX,ODOM,-100,-102,,,,
1773038727.886162,RX,IMU,16168,4504,-6912,-577,174,1324
1773038727.904204,RX,ODOM,-101,-102,,,,
1773038727.905960,RX,IMU,13900,6288,9488,-1159,2252,290
1773038727.923331,TX,VELOCITY,-180,-420,,,,
1773038727.924014,RX,ODOM,-102,-102,,,,
1773038727.925948,RX,IMU,11972,-2964,-9012,494,1676,-389
1773038727.943904,RX,ODOM,-102,-103,,,,
1773038727.945895,RX,IMU,-2244,-5064,13004,-289,1586,-89
1773038727.963814,RX,ODOM,-98,-109,,,,
1773038727.965659,RX,IMU,-5052,3064,7220,-373,-824,-1818
1773038727.972020,TX,VELOCITY,-180,-420,,,,
1773038727.983791,RX,ODOM,-96,-114,,,,
1773038727.985651,RX,IMU,22812,-1476,15596,455,-5210,-2639
1773038728.007878,RX,ODOM,-114,-144,,,,
1773038728.009737,RX,IMU,-9700,-3364,32767,815,-4111,-2739
1773038728.014939,TX,VELOCITY,-300,-300,,,,
1773038728.022485,TX,VELOCITY,-300,-300,,,,
1773038728.029900,RX,ODOM,-100,-132,,,,
1773038728.031772,RX,IMU,-14328,-4468,29352,-782,4551,-4168
1773038728.049371,RX,ODOM,-92,-114,,,,
1773038728.051219,RX,IMU,5688,-396,32767,-823,-765,-4334
1773038728.069356,RX,ODOM,-96,-116,,,,
1773038728.071220,RX,IMU,-13500,-11040,2040,512,1060,-4426
1773038728.089255,RX,ODOM,-96,-115,,,,
1773038728.091012,RX,IMU,-6084,1892,-660,-334,1654,-3772
1773038728.109183,RX,ODOM,-98,-115,,,,
1773038728.110921,RX,IMU,10356,-7820,23564,1047,-4670,-2421
1773038728.128980,RX,ODOM,-97,-114,,,,
1773038728.130854,RX,IMU,-21720,-1508,10840,-775,4261,-1386
1773038728.132405,TX,VELOCITY,-300,-300,,,,
1773038728.148903,RX,ODOM,-99,-114,,,,
1773038728.150773,RX,IMU,9168,7068,2932,155,-3272,-1470
1773038728.168794,RX,ODOM,-100,-113,,,,
1773038728.170638,RX,IMU,-21332,-8560,29024,1493,-5789,-2210
1773038728.171990,TX,VELOCITY,-300,-300,,,,
1773038728.188647,RX,ODOM,-102,-112,,,,
1773038728.190496,RX,IMU,-9488,-9824,13448,-828,1830,-1370
1773038728.208586,RX,ODOM,-104,-111,,,,
1773038728.210398,RX,IMU,12300,5072,4584,-1528,1940,-1010
1773038728.228530,RX,ODOM,-105,-112,,,,
1773038728.230351,RX,IMU,32767,-6644,6540,431,-5284,-1956
1773038728.248391,RX,ODOM,-105,-110,,,,
1773038728.250309,RX,IMU,-11712,-21816,16992,-587,-426,-1320
1773038728.252391,TX,VELOCITY,-300,-300,,,,
1773038728.268428,RX,ODOM,-104,-109,,,,
1773038728.270159,RX,IMU,6040,5536,24480,-901,516,-1443
1773038728.288147,RX,ODOM,-103,-110,,,,
1773038728.290113,RX,IMU,29912,-788,-16508,462,460,-2021
1773038728.308054,RX,ODOM,-103,-111,,,,
1773038728.309950,RX,IMU,-784,-4108,9864,620,-1115,-549
1773038728.327989,RX,ODOM,-104,-110,,,,
1773038728.329794,RX,IMU,7332,16376,32767,701,-544,-1283
1773038728.347787,RX,ODOM,-105,-112,,,,
1773038728.349648,RX,IMU,-30896,-3520,19192,-50,1698,-531
1773038728.351056,TX,VELOCITY,-300,-300,,,,
1773038728.367705,RX,ODOM,-105,-112,,,,
1773038728.369706,RX,IMU,1164,3932,-1212,173,-1291,-580
1773038728.372003,TX,VELOCITY,-300,-300,,,,
1773038728.387573,RX,ODOM,-107,-111,,,,
1773038728.389503,RX,IMU,6420,-4924,21936,919,-3859,-1524
1773038728.407596,RX,ODOM,-108,-112,,,,
1773038728.409305,RX,IMU,-18532,-4172,15540,-752,5315,-799
1773038728.427349,RX,ODOM,-108,-111,,,,
1773038728.429222,RX,IMU,8524,5412,4704,-1269,-1994,-593
1773038728.447374,RX,ODOM,-107,-111,,,,
1773038728.449291,RX,IMU,10672,5024,-4392,1744,-1961,-1940
1773038728.459949,TX,VELOCITY,-420,-180,,,,
1773038728.467427,RX,ODOM,-107,-112,,,,
1773038728.469167,RX,IMU,1560,916,5444,-465,1066,-1673
1773038728.487106,RX,ODOM,-107,-108,,,,
1773038728.506948,RX,ODOM,-113,-106,,,,
1773038728.508785,RX,IMU,464,-456,4856,439,-1280,-415
1773038728.526839,RX,ODOM,-116,-103,,,,
1773038728.528663,RX,IMU,12388,8504,12036,-1401,452,2277
1773038728.546769,RX,ODOM,-118,-101,,,,
1773038728.566667,RX,ODOM,-121,-99,,,,
1773038728.568466,RX,IMU,-2128,2620,8528,-631,1292,3312
1773038728.571996,TX,VELOCITY,-420,-180,,,,
1773038728.577392,TX,VELOCITY,-420,-180,,,,
1773038728.586502,RX,ODOM,-123,-98,,,,
1773038728.588435,RX,IMU,-15376,-672,1180,-437,4823,4163
1773038728.596270,TX,VELOCITY,-300,-300,,,,
1773038728.606455,RX,ODOM,-123,-94,,,,
1773038728.608243,RX,IMU,-2068,6288,16456,-1152,1213,5466
1773038728.626290,RX,ODOM,-122,-96,,,,
1773038728.628212,RX,IMU,-8704,224,32767,-845,-1499,5094
1773038728.646158,RX,ODOM,-119,-98,,,,
1773038728.648046,RX,IMU,1808,-5136,11560,-695,-726,5191
1773038728.666132,RX,ODOM,-118,-98,,,,
1773038728.680839,TX,VELOCITY,-300,-300,,,,
1773038728.688265,RX,ODOM,-130,-110,,,,
1773038728.690104,RX,IMU,-8656,88,4940,-1863,4916,2395
1773038728.707940,RX,ODOM,-114,-96,,,,
1773038728.709743,RX,IMU,14188,-3880,-23840,-683,881,2678
1773038728.727787,RX,ODOM,-115,-99,,,,
1773038728.729694,RX,IMU,-1728,8904,10568,-1785,-1684,1854
1773038728.747655,RX,ODOM,-115,-101,,,,
1773038728.749533,RX,IMU,-9176,-3388,27736,394,-8268,1220
1773038728.767637,RX,ODOM,-115,-102,,,,
1773038728.769488,RX,IMU,5684,9940,11772,213,-338,1585
1773038728.772006,TX,VELOCITY,-300,-300,,,,
1773038728.787488,RX,ODOM,-114,-104,,,,
1773038728.789204,TX,VELOCITY,-300,-300,,,,
1773038728.789315,RX,IMU,18604,6440,3588,260,-1142,1606
1773038728.807385,RX,ODOM,-112,-105,,,,
1773038728.809263,RX,IMU,6288,-3568,-9748,1506,2399,1600
1773038728.827217,RX,ODOM,-112,-105,,,,
1773038728.829119,RX,IMU,6084,2436,6960,-990,-1051,1360
1773038728.847117,RX,ODOM,-112,-107,,,,
1773038728.849039,RX,IMU,-9836,-2004,32767,-981,-3339,1067
1773038728.867099,RX,ODOM,-112,-107,,,,
1773038728.868897,RX,IMU,364,-360,-12540,-669,4185,1243
1773038728.886969,RX,ODOM,-111,-106,,,,
1773038728.888775,RX,IMU,23292,15932,-23268,-1580,1963,979
1773038728.906882,RX,ODOM,-111,-105,,,,
1773038728.908705,RX,IMU,416,-7652,32767,972,-9488,422
1773038728.917372,TX,VELOCITY,-300,-300,,,,
1773038728.926732,RX,ODOM,-111,-105,,,,
1773038728.928665,RX,IMU,992,1120,12988,195,2302,1002
1773038728.946651,RX,ODOM,-111,-108,,,,
1773038728.948535,RX,IMU,992,1120,12988,195,2302,1002
1773038728.966525,RX,ODOM,-112,-108,,,,
1773038728.968426,RX,IMU,14084,-3360,-16940,-261,-4021,1653
1773038728.971937,TX,VELOCITY,-300,-300,,,,
1773038728.986552,RX,ODOM,-110,-107,,,,
1773038728.988376,RX,IMU,4724,11976,4948,-50,-357,1375
1773038729.006332,RX,ODOM,-110,-107,,,,
1773038729.008271,TX,VELOCITY,-300,-300,,,,
1773038729.008493,RX,IMU,12104,-8440,22976,-103,-1914,-538
1773038729.026308,RX,ODOM,-108,-104,,,,
1773038729.046092,RX,ODOM,-107,-104,,,,
1773038729.047987,RX,IMU,332,-504,21448,-1132,-1310,1000
1773038729.066098,RX,ODOM,-107,-106,,,,
1773038729.067894,RX,IMU,4744,5208,-7956,-752,4614,966
1773038729.085967,RX,ODOM,-106,-106,,,,
1773038729.087770,RX,IMU,9268,2512,11624,-1644,2964,1026
1773038729.105910,RX,ODOM,-108,-106,,,,
1773038729.107709,RX,IMU,11932,7588,-2668,-619,-1712,-145
1773038729.119374,TX,VELOCITY,-300,-300,,,,
1773038729.126909,RX,ODOM,-116,-112,,,,
1773038729.128638,RX,IMU,-28024,-4120,25752,1458,368,320
1773038729.146617,RX,ODOM,-106,-106,,,,
1773038729.148586,RX,IMU,-96,-7484,12956,-232,-1130,466
1773038729.166495,RX,ODOM,-106,-106,,,,
1773038729.168431,RX,IMU,7876,2432,32767,-1230,1030,465
1773038729.172003,TX,VELOCITY,-300,-300,,,,
1773038729.186389,RX,ODOM,-107,-107,,,,
1773038729.188368,RX,IMU,-4932,36,-11428,-405,10462,-458
1773038729.206361,RX,ODOM,-107,-107,,,,
1773038729.208107,RX,IMU,7488,5312,4248,-617,-2580,-1060
1773038729.226299,RX,ODOM,-107,-108,,,,
1773038729.228005,TX,VELOCITY,-300,-300,,,,
1773038729.228098,RX,IMU,32452,2724,-1920,1475,-645,-1735
1773038729.246150,RX,ODOM,-107,-109,,,,
1773038729.247966,RX,IMU,-3412,-10724,15564,-713,3067,-799
1773038729.265953,RX,ODOM,-107,-110,,,,
1773038729.267895,RX,IMU,14636,6960,26532,-671,3125,222
1773038729.286035,RX,ODOM,-105,-110,,,,
1773038729.288690,RX,IMU,-25692,-8432,6760,553,1935,-795
1773038729.305801,RX,ODOM,-106,-111,,,,
1773038729.307620,RX,IMU,-17140,-5328,18028,1078,588,229
1773038729.325756,RX,ODOM,-105,-111,,,,
1773038729.327512,RX,IMU,-424,-524,32767,-630,-407,137
1773038729.343998,TX,VELOCITY,-300,-300,,,,
1773038729.345583,RX,ODOM,-107,-111,,,,
1773038729.365514,RX,ODOM,-106,-108,,,,
1773038729.367299,RX,IMU,8132,10052,32767,-987,-1125,-216
1773038729.371989,TX,VELOCITY,-300,-300,,,,
1773038729.385325,RX,ODOM,-107,-107,,,,
1773038729.387160,RX,IMU,-3764,3116,-2864,-1451,2465,-210
1773038729.405252,RX,ODOM,-109,-107,,,,
1773038729.407036,RX,IMU,-300,6964,18352,-1403,738,-759
1773038729.425194,RX,ODOM,-109,-107,,,,
1773038729.426979,RX,IMU,-300,6964,18352,-1403,738,-759
1773038729.444951,RX,ODOM,-108,-109,,,,
1773038729.446465,TX,VELOCITY,-300,-300,,,,
1773038729.446868,RX,IMU,10716,5920,-1816,-509,579,118
1773038729.465002,RX,ODOM,-108,-108,,,,
1773038729.466758,RX,IMU,17944,11508,25196,-1901,1819,646
1773038729.484842,RX,ODOM,-108,-110,,,,
1773038729.486669,RX,IMU,-28972,-4888,8964,-416,2899,-446
1773038729.504627,RX,ODOM,-107,-110,,,,
1773038729.506495,RX,IMU,-2320,9564,13848,-698,2755,-475
1773038729.524616,RX,ODOM,-106,-111,,,,
1773038729.526386,RX,IMU,23692,-5060,-1696,336,-2528,-271
1773038729.544470,RX,ODOM,-106,-110,,,,
1773038729.546303,RX,IMU,16972,468,-1888,-1221,2072,470
1773038729.561575,TX,VELOCITY,-300,-300,,,,
1773038729.568975,RX,ODOM,-133,-135,,,,
1773038729.570834,RX,IMU,32767,1792,-10612,-1037,-3933,-560
1773038729.572008,TX,VELOCITY,-300,-300,,,,
1773038729.588157,RX,ODOM,-105,-104,,,,
1773038729.590029,RX,IMU,14700,7608,32767,-1871,2618,-504
1773038729.608049,RX,ODOM,-109,-109,,,,
1773038729.609916,RX,IMU,-10952,-8516,12064,192,239,-802
1773038729.627952,RX,ODOM,-109,-109,,,,
1773038729.629896,RX,IMU,2764,8992,2316,-1101,1909,102
1773038729.647854,RX,ODOM,-111,-110,,,,
1773038729.649736,RX,IMU,-11264,1304,32767,-1232,-1534,61
1773038729.667519,TX,VELOCITY,-300,-300,,,,
1773038729.667808,RX,ODOM,-109,-110,,,,
1773038729.669626,RX,IMU,5408,-5136,-9032,-1248,2716,215
1773038729.687592,RX,ODOM,-109,-110,,,,
1773038729.689453,RX,IMU,-11000,7296,17888,-206,252,-39
1773038729.707500,RX,ODOM,-106,-106,,,,
1773038729.727351,RX,ODOM,-106,-108,,,,
1773038729.729202,RX,IMU,5756,2864,612,-859,4048,-471
1773038729.747282,RX,ODOM,-107,-109,,,,
1773038729.749166,RX,IMU,-23912,-2908,32767,-2394,-5201,-519
1773038729.767147,RX,ODOM,-108,-109,,,,
1773038729.768988,RX,IMU,-21832,-3380,12996,104,3970,-771
1773038729.772008,TX,VELOCITY,-300,-300,,,,
1773038729.776382,TX,VELOCITY,-300,-300,,,,
1773038729.787039,RX,ODOM,-108,-110,,,,
1773038729.788946,RX,IMU,9224,7164,-8564,-1,280,-957
1773038729.806920,RX,ODOM,-106,-109,,,,
1773038729.808799,RX,IMU,7600,-8172,22768,469,-3526,-1282
1773038729.826908,RX,ODOM,-108,-110,,,,
1773038729.828708,RX,IMU,-15204,-12692,24820,-675,6618,-1424
1773038729.846674,RX,ODOM,-108,-110,,,,
1773038729.866567,RX,ODOM,-109,-111,,,,
1773038729.868405,RX,IMU,30108,-3928,-7908,816,-3062,-195
1773038729.883024,TX,VELOCITY,-300,-300,,,,
1773038729.890412,RX,ODOM,-129,-131,,,,
1773038729.892275,RX,IMU,-24372,-9844,32767,624,-3797,-454
1773038729.909315,RX,ODOM,-103,-104,,,,
1773038729.911234,RX,IMU,-18232,-14176,12600,-45,-473,-769
1773038729.929315,RX,ODOM,-109,-111,,,,
1773038729.931186,RX,IMU,2608,5688,912,-373,-1009,-134
1773038729.949110,RX,ODOM,-108,-110,,,,
1773038729.951013,RX,IMU,-21008,-7176,3800,380,3083,-902
1773038729.953086,TX,VELOCITY,0,0,,,,
1773038729.969007,RX,ODOM,-109,-111,,,,
1773038729.970865,RX,IMU,1576,4328,15244,-842,-22,222
1773038729.971966,TX,VELOCITY,0,0,,,,
1773038729.988899,RX,ODOM,-103,-107,,,,
1773038729.990752,RX,IMU,12192,-4060,14492,-281,-2094,-470
1773038730.008749,RX,ODOM,-100,-101,,,,
1773038730.010605,RX,IMU,-16928,-10780,25712,-704,3713,-730
1773038730.028689,RX,ODOM,-94,-98,,,,
1773038730.030512,RX,IMU,-12812,2700,17444,131,-1223,-752
1773038730.048530,RX,ODOM,-92,-94,,,,
1773038730.050361,RX,IMU,1588,4184,16992,-1438,-2627,-77
1773038730.068464,RX,ODOM,-86,-90,,,,
1773038730.070276,RX,IMU,408,1920,12592,-749,-2150,-195
1773038730.088263,RX,ODOM,-84,-86,,,,
1773038730.090119,RX,IMU,-8448,8168,14140,237,2597,-415
1773038730.108255,RX,ODOM,-79,-82,,,,
1773038730.110080,RX,IMU,-3392,-6764,2932,325,4120,-1063
1773038730.128024,RX,ODOM,-75,-77,,,,
1773038730.130018,RX,IMU,1612,508,25048,91,-3247,-623
1773038730.148006,RX,ODOM,-72,-74,,,,
1773038730.149901,RX,IMU,688,-2276,17352,-232,-443,41
1773038730.167816,RX,ODOM,-66,-70,,,,
1773038730.169791,RX,IMU,4244,-7908,11404,-758,3645,364
1773038730.171985,TX,VELOCITY,0,0,,,,
1773038730.187809,RX,ODOM,-64,-66,,,,
1773038730.189671,RX,IMU,-2360,-768,15024,455,733,-221
1773038730.207610,RX,ODOM,-60,-62,,,,
1773038730.209448,RX,IMU,-8564,-6940,20364,-503,3071,-315
1773038730.213632,TX,VELOCITY,300,300,,,,
1773038730.227597,RX,ODOM,-55,-58,,,,
1773038730.247394,RX,ODOM,-29,-31,,,,
1773038730.249229,RX,IMU,1896,80,21964,-265,-3159,593
1773038730.267363,RX,ODOM,-3,-7,,,,
1773038730.269177,RX,IMU,-4704,2432,26180,-924,2342,29
1773038730.287148,RX,ODOM,11,8,,,,
1773038730.289032,RX,IMU,2720,804,18172,-549,616,-297
1773038730.307093,RX,ODOM,18,18,,,,
1773038730.309061,RX,IMU,3140,-32,18568,-469,-324,-466
1773038730.325274,TX,VELOCITY,300,300,,,,
1773038730.326986,RX,ODOM,24,23,,,,
1773038730.328853,RX,IMU,4276,1936,17044,-200,457,-613
1773038730.346886,RX,ODOM,29,29,,,,
1773038730.348753,RX,IMU,-2584,-2000,20676,146,-250,-188
1773038730.366743,RX,ODOM,33,34,,,,
1773038730.368604,RX,IMU,2828,1036,23772,-187,774,824
1773038730.372000,TX,VELOCITY,300,300,,,,
1773038730.386726,RX,ODOM,40,38,,,,
1773038730.388474,RX,IMU,252,1340,15872,387,-177,886
1773038730.406543,RX,ODOM,45,44,,,,
1773038730.426476,RX,ODOM,50,51,,,,
1773038730.428318,RX,IMU,-4612,-3340,9820,-814,2827,-297
1773038730.430467,TX,VELOCITY,300,300,,,,
1773038730.446388,RX,ODOM,54,56,,,,
1773038730.448277,RX,IMU,-23400,2552,21416,-260,1494,-902
1773038730.466211,RX,ODOM,57,57,,,,
1773038730.468050,RX,IMU,9476,5084,6852,-1464,-801,541
1773038730.486274,RX,ODOM,58,60,,,,
1773038730.487964,RX,IMU,-3364,-4292,16680,464,-1866,555
1773038730.506291,RX,ODOM,60,61,,,,
1773038730.525999,RX,ODOM,62,63,,,,
1773038730.527769,RX,IMU,-432,6036,8624,-210,1554,1230
1773038730.538321,TX,VELOCITY,300,300,,,,
1773038730.545829,RX,ODOM,64,66,,,,
1773038730.547677,RX,IMU,6448,648,6456,-205,2,1290
1773038730.565824,RX,ODOM,66,68,,,,
1773038730.567648,RX,IMU,2624,6452,9528,-885,-982,831
1773038730.571978,TX,VELOCITY,300,300,,,,
1773038730.585633,RX,ODOM,64,71,,,,
1773038730.587462,RX,IMU,6064,-1284,13300,347,-426,1755
1773038730.605510,RX,ODOM,64,73,,,,
1773038730.607362,RX,IMU,-816,280,18076,-192,-2580,154
1773038730.625503,RX,ODOM,64,74,,,,
1773038730.645315,RX,ODOM,68,74,,,,
1773038730.647321,RX,IMU,8084,2380,10796,148,-1106,1250
1773038730.657632,TX,VELOCITY,300,300,,,,
1773038730.665194,RX,ODOM,70,75,,,,
1773038730.667048,RX,IMU,4884,3980,32767,-2032,569,613
1773038730.685095,RX,ODOM,71,75,,,,
1773038730.686947,RX,IMU,7180,3928,13772,-144,-1069,1243
1773038730.705028,RX,ODOM,73,78,,,,
1773038730.706956,RX,IMU,-10740,-2200,17680,-667,-1121,514
1773038730.724961,RX,ODOM,74,79,,,,
1773038730.726802,RX,IMU,4336,-716,16724,648,-990,-24
1773038730.744797,RX,ODOM,76,79,,,,
1773038730.746673,RX,IMU,-2660,-2248,14532,-865,387,493
1773038730.760266,TX,VELOCITY,300,300,,,,
1773038730.767714,RX,ODOM,90,91,,,,
1773038730.771985,TX,VELOCITY,300,300,,,,
1773038730.786579,RX,ODOM,74,76,,,,
1773038730.788446,RX,IMU,-23488,2296,18044,-3,-642,1102
1773038730.806502,RX,ODOM,77,81,,,,
1773038730.808412,RX,IMU,4768,9592,32264,-93,101,944
1773038730.826423,RX,ODOM,77,83,,,,
1773038730.828289,RX,IMU,-10024,9568,10144,418,-4975,1091
1773038730.846308,RX,ODOM,78,84,,,,
1773038730.848259,RX,IMU,1872,-3340,13812,-300,1407,1632
1773038730.866220,RX,ODOM,76,83,,,,
1773038730.868089,RX,IMU,-28504,36,19180,-136,821,1610
1773038730.868484,TX,VELOCITY,300,300,,,,
1773038730.886189,RX,ODOM,78,84,,,,
1773038730.888025,RX,IMU,-28504,36,19180,-136,821,1610
1773038730.905943,RX,ODOM,78,84,,,,
1773038730.907930,RX,IMU,-1468,5128,19720,-73,655,1040
1773038730.925888,RX,ODOM,77,86,,,,
1773038730.927702,RX,IMU,6576,4596,32767,-293,1203,986
1773038730.945848,RX,ODOM,79,86,,,,
1773038730.947732,RX,IMU,-29592,1780,22620,-305,-2243,1210
1773038730.965771,RX,ODOM,81,84,,,,
1773038730.967588,RX,IMU,11568,4084,32767,-1193,2662,567
1773038730.971980,TX,VELOCITY,300,300,,,,
1773038730.980459,TX,VELOCITY,420,180,,,,
1773038730.987787,RX,ODOM,89,94,,,,
1773038730.989654,RX,IMU,5076,8672,32767,-308,698,-35
1773038731.007458,RX,ODOM,80,80,,,,
1773038731.009341,RX,IMU,1716,-4304,17604,516,-1307,609
1773038731.027357,RX,ODOM,84,76,,,,
1773038731.029207,RX,IMU,-10816,2844,9652,24,1220,-622
1773038731.047246,RX,ODOM,89,74,,,,
1773038731.049144,RX,IMU,27824,8136,2772,-275,-4209,-2743
1773038731.067153,RX,ODOM,93,72,,,,
1773038731.069010,RX,IMU,13880,6644,32767,-1229,3208,-4203
1773038731.085742,TX,VELOCITY,420,180,,,,
1773038731.087096,RX,ODOM,97,70,,,,
1773038731.089011,RX,IMU,10644,2172,14772,-457,-1416,-4386
1773038731.106937,RX,ODOM,99,66,,,,
1773038731.108790,RX,IMU,-32768,-2200,30216,956,-3048,-5090
1773038731.126882,RX,ODOM,102,66,,,,
1773038731.128792,RX,IMU,-9160,4856,11004,1027,-5121,-6599
1773038731.146820,RX,ODOM,106,62,,,,
1773038731.148644,RX,IMU,2972,484,32767,-97,1980,-6712
1773038731.166597,RX,ODOM,108,62,,,,
1773038731.168471,RX,IMU,6496,-1040,9436,1685,-2378,-7297
1773038731.171972,TX,VELOCITY,420,180,,,,
1773038731.176289,TX,VELOCITY,300,300,,,,
1773038731.186570,RX,ODOM,110,60,,,,
1773038731.188375,RX,IMU,-6476,-296,10684,1160,-2280,-7801
1773038731.199675,TX,VELOCITY,300,300,,,,
1773038731.207107,RX,ODOM,110,62,,,,
1773038731.208964,RX,IMU,-3616,-2668,15280,442,860,-7988
1773038731.226385,RX,ODOM,101,64,,,,
1773038731.246267,RX,ODOM,104,69,,,,
1773038731.248017,RX,IMU,8872,-1760,15928,-474,-653,-5412
1773038731.266132,RX,ODOM,103,73,,,,
1773038731.267958,RX,IMU,6224,456,7812,292,-3452,-5395
1773038731.285943,RX,ODOM,100,75,,,,
1773038731.305888,RX,ODOM,101,77,,,,
1773038731.307751,RX,IMU,-32768,720,32767,1013,-609,-2177
1773038731.309756,TX,VELOCITY,300,300,,,,
1773038731.325806,RX,ODOM,99,78,,,,
1773038731.327652,RX,IMU,-26768,-8908,24652,586,5176,-2068
1773038731.345667,RX,ODOM,94,83,,,,
1773038731.347516,RX,IMU,-168,-17328,-1340,-1133,7699,-2246
1773038731.365564,RX,ODOM,94,83,,,,
1773038731.367400,RX,IMU,8500,-4636,19816,-1660,6178,-1016
1773038731.371984,TX,VELOCITY,300,300,,,,
1773038731.385406,RX,ODOM,93,84,,,,
1773038731.387253,RX,IMU,10240,-1108,32767,-2038,2242,-1003
1773038731.405323,RX,ODOM,91,86,,,,
1773038731.407228,RX,IMU,1208,-1216,16608,526,-1105,-1354
1773038731.415694,TX,VELOCITY,300,300,,,,
1773038731.425215,RX,ODOM,91,86,,,,
1773038731.427159,RX,IMU,-1824,-4452,18296,392,-974,-960
1773038731.445249,RX,ODOM,90,85,,,,
1773038731.446978,RX,IMU,6484,-2276,15236,544,-1909,-865
1773038731.465079,RX,ODOM,91,85,,,,
1773038731.466889,RX,IMU,1096,1024,10480,31,-1165,-1244
1773038731.484981,RX,ODOM,90,86,,,,
1773038731.486763,RX,IMU,-9520,4100,11144,144,419,-910
1773038731.504844,RX,ODOM,92,86,,,,
1773038731.506654,RX,IMU,-2732,-2196,4940,-1207,1989,-229
1773038731.524690,RX,ODOM,92,86,,,,
1773038731.525537,TX,VELOCITY,300,300,,,,
1773038731.526670,RX,IMU,-2732,-2196,4940,-1207,1989,-229
1773038731.544635,RX,ODOM,91,88,,,,
1773038731.546475,RX,IMU,656,6180,8936,-226,2517,-353
1773038731.564726,RX,ODOM,93,90,,,,
1773038731.566441,RX,IMU,3920,1312,9480,-476,1039,736
1773038731.571921,TX,VELOCITY,300,300,,,,
1773038731.584380,RX,ODOM,94,90,,,,
1773038731.586271,RX,IMU,14932,-5340,10512,-576,-1989,1023
1773038731.604261,RX,ODOM,94,94,,,,
1773038731.624153,RX,ODOM,94,94,,,,
1773038731.626042,RX,IMU,3788,-7488,10648,57,-1758,-233
1773038731.634036,TX,VELOCITY,300,300,,,,
1773038731.644121,RX,ODOM,94,96,,,,
1773038731.646302,RX,IMU,7956,556,14208,494,-3055,35
1773038731.663941,RX,ODOM,96,95,,,,
1773038731.665963,RX,IMU,7312,2336,11064,-921,-2468,997
1773038731.683882,RX,ODOM,96,97,,,,
1773038731.703818,RX,ODOM,95,99,,,,
1773038731.705678,RX,IMU,-2092,6132,5324,-393,1111,99
1773038731.723722,RX,ODOM,95,100,,,,
1773038731.725548,RX,IMU,5464,5480,1704,756,-690,301
1773038731.743349,TX,VELOCITY,300,300,,,,
1773038731.743654,RX,ODOM,95,101,,,,
1773038731.745439,RX,IMU,1392,-3780,6084,-578,102,890
1773038731.763422,RX,ODOM,97,99,,,,
1773038731.765372,RX,IMU,5380,1580,32767,-649,2154,1608
1773038731.771970,TX,VELOCITY,300,300,,,,
1773038731.783354,RX,ODOM,98,100,,,,
1773038731.785146,RX,IMU,1116,-2212,32767,-1197,290,810
1773038731.803211,RX,ODOM,96,101,,,,
1773038731.805020,RX,IMU,-2264,-19760,7304,-393,6675,893
1773038731.823094,RX,ODOM,97,100,,,,
1773038731.824929,RX,IMU,-32276,2136,21960,38,-406,1789
1773038731.842978,RX,ODOM,97,101,,,,
1773038731.844813,RX,IMU,568,8884,8216,-478,-5152,1566
1773038731.851955,TX,VELOCITY,180,420,,,,
1773038731.862923,RX,ODOM,96,103,,,,
1773038731.882837,RX,ODOM,94,106,,,,
1773038731.884604,RX,IMU,23784,-756,5760,-1481,1197,1780
1773038731.902576,RX,ODOM,88,110,,,,
1773038731.922468,RX,ODOM,86,114,,,,
1773038731.924306,RX,IMU,-2208,4584,13204,-603,893,4023
1773038731.942359,RX,ODOM,83,116,,,,
1773038731.944205,RX,IMU,-1416,-4248,18096,472,1,4225
1773038731.962274,RX,ODOM,83,118,,,,
1773038731.964110,TX,VELOCITY,180,420,,,,
1773038731.964184,RX,IMU,-1224,-7776,32767,481,2392,4818
1773038731.971986,TX,VELOCITY,180,420,,,,
1773038731.982094,RX,ODOM,82,118,,,,
1773038731.983960,RX,IMU,-12180,-14648,11632,1263,2754,5321
1773038732.002096,RX,ODOM,80,121,,,,
1773038732.003954,RX,IMU,12528,7336,-440,-698,-633,7171
1773038732.021986,RX,ODOM,81,124,,,,
1773038732.041879,RX,ODOM,78,127,,,,
1773038732.043679,RX,IMU,-18680,7388,17308,-911,449,7572
1773038732.061701,RX,ODOM,75,128,,,,
1773038732.063553,RX,IMU,-3112,-5792,32767,-1710,2534,8284
1773038732.070390,TX,VELOCITY,180,420,,,,
1773038732.081557,RX,ODOM,72,127,,,,
1773038732.083435,RX,IMU,-6448,-2832,16604,1530,4618,8016
1773038732.101496,RX,ODOM,71,127,,,,
1773038732.103255,RX,IMU,-9080,-5760,6304,-1268,266,8204
1773038732.121446,RX,ODOM,71,126,,,,
1773038732.123159,RX,IMU,-10820,11972,6824,-2472,593,9713
1773038732.125727,TX,VELOCITY,300,300,,,,
1773038732.141263,RX,ODOM,72,128,,,,
1773038732.143123,RX,IMU,-6924,2184,32767,-1327,1183,8341
1773038732.161192,RX,ODOM,74,124,,,,
1773038732.163028,RX,IMU,-4752,-948,9852,-358,-3775,7199
1773038732.171948,TX,VELOCITY,300,300,,,,
1773038732.180239,TX,VELOCITY,300,300,,,,
1773038732.181054,RX,ODOM,80,122,,,,
1773038732.182900,RX,IMU,-4752,-948,9852,-358,-3775,7199
1773038732.200893,RX,ODOM,83,116,,,,
1773038732.202733,RX,IMU,192,-1892,236,-1098,-1344,4836
1773038732.220728,RX,ODOM,85,113,,,,
1773038732.222718,RX,IMU,-3528,-12652,24800,-694,2039,4330
1773038732.240629,RX,ODOM,86,111,,,,
1773038732.242490,RX,IMU,3200,-2928,9308,-1245,-303,4208
1773038732.260514,RX,ODOM,89,112,,,,
1773038732.262360,RX,IMU,10640,6492,5536,-515,1434,2675
1773038732.280498,RX,ODOM,90,110,,,,
1773038732.292443,TX,VELOCITY,300,300,,,,
1773038732.300358,RX,ODOM,93,110,,,,
1773038732.320197,RX,ODOM,94,110,,,,
1773038732.322030,RX,IMU,4368,1536,15632,-846,-750,2858
1773038732.340091,RX,ODOM,94,109,,,,
1773038732.341926,RX,IMU,-168,3832,16344,-631,1357,3069
1773038732.359956,RX,ODOM,95,110,,,,
1773038732.361904,RX,IMU,-9196,-944,32716,-1079,1305,2053
1773038732.372119,TX,VELOCITY,300,300,,,,
1773038732.379876,RX,ODOM,97,108,,,,
1773038732.381769,RX,IMU,-2808,-1644,12144,-975,-1569,1648
1773038732.399839,RX,ODOM,98,109,,,,
1773038732.401691,RX,IMU,5424,4640,5380,-815,1030,271
1773038732.403920,TX,VELOCITY,300,300,,,,
1773038732.419651,RX,ODOM,99,106,,,,
1773038732.421475,RX,IMU,2480,92,32600,-581,-1685,631
1773038732.439508,RX,ODOM,99,104,,,,
1773038732.441368,RX,IMU,-8216,-6320,30536,101,2748,1065
1773038732.459387,RX,ODOM,100,103,,,,
1773038732.461232,RX,IMU,980,9180,1132,-27,-4904,139
1773038732.479249,RX,ODOM,99,103,,,,
1773038732.481128,RX,IMU,17492,-6440,17976,187,-4299,122
1773038732.499133,RX,ODOM,100,101,,,,
1773038732.501076,RX,IMU,5452,-7004,4520,742,2177,744
1773038732.507267,TX,VELOCITY,420,180,,,,
1773038732.519083,RX,ODOM,101,103,,,,
1773038732.520918,RX,IMU,8096,-1228,12476,-399,-1286,911
1773038732.538874,RX,ODOM,106,100,,,,
1773038732.540817,RX,IMU,4012,-4528,21556,-1117,5255,-649
1773038732.558875,RX,ODOM,110,98,,,,
1773038732.560644,RX,IMU,-20084,-4900,17216,-88,5557,-1264
1773038732.571957,TX,VELOCITY,420,180,,,,
1773038732.579454,RX,ODOM,117,96,,,,
1773038732.581285,RX,IMU,20828,-3200,7588,-719,-3629,-1944
1773038732.598657,RX,ODOM,109,86,,,,
1773038732.600398,RX,IMU,21084,5872,3724,786,-7669,-3960
1773038732.618506,RX,ODOM,116,88,,,,
1773038732.620393,RX,IMU,19392,-3616,10312,-559,-2179,-4656
1773038732.620943,TX,VELOCITY,420,180,,,,
1773038732.638287,RX,ODOM,118,85,,,,
1773038732.640233,RX,IMU,8776,2800,11300,242,-1862,-5159
1773038732.658169,RX,ODOM,122,85,,,,
1773038732.678089,RX,ODOM,121,82,,,,
1773038732.679939,RX,IMU,18300,-820,8548,-734,152,-6676
1773038732.697952,RX,ODOM,123,80,,,,
1773038732.699816,RX,IMU,-6572,8928,5816,-474,1122,-6636
1773038732.717828,RX,ODOM,125,80,,,,
1773038732.719671,RX,IMU,536,6560,6484,126,3163,-7783
1773038732.733443,TX,VELOCITY,420,180,,,,
1773038732.740816,RX,ODOM,147,90,,,,
1773038732.742675,RX,IMU,7016,5480,32767,-329,-1444,-7499
1773038732.760564,RX,ODOM,126,74,,,,
1773038732.762472,RX,IMU,28400,4556,-1996,598,-6314,-7989
1773038732.764258,TX,VELOCITY,300,300,,,,
1773038732.771917,TX,VELOCITY,300,300,,,,
1773038732.780432,RX,ODOM,126,76,,,,
1773038732.782283,RX,IMU,12488,-2520,31008,181,2505,-7737
1773038732.800275,RX,ODOM,123,79,,,,
1773038732.802112,RX,IMU,-32768,-228,32767,1044,44,-7101
1773038732.820190,RX,ODOM,119,83,,,,
1773038732.822072,RX,IMU,25048,2068,2548,-239,-4453,-6076
1773038732.836141,TX,VELOCITY,300,300,,,,
1773038732.843537,RX,ODOM,136,100,,,,
1773038732.845372,RX,IMU,5118,-258,-258,-258,-258,-258
1773038732.862903,RX,ODOM,110,86,,,,
1773038732.864737,RX,IMU,-2556,-21068,-1032,243,7177,-4149
1773038732.882743,RX,ODOM,114,89,,,,
1773038732.884600,RX,IMU,-32768,-2948,32767,1132,-1919,-3918
1773038732.902591,RX,ODOM,110,91,,,,
1773038732.904546,RX,IMU,5312,-1392,8392,-216,2465,-3014
1773038732.922455,RX,ODOM,110,92,,,,
1773038732.924438,RX,IMU,6736,-4336,14564,154,168,-2655
1773038732.942449,RX,ODOM,110,94,,,,
1773038732.946164,TX,VELOCITY,300,300,,,,
1773038732.962315,RX,ODOM,106,97,,,,
1773038732.964053,RX,IMU,-29476,4564,21528,1309,-2373,-192
1773038732.971891,TX,VELOCITY,300,300,,,,
1773038732.984567,RX,ODOM,115,109,,,,
1773038732.986473,RX,IMU,-32148,2200,20036,1779,-619,-906
1773038733.004054,RX,ODOM,99,96,,,,
1773038733.005886,RX,IMU,132,668,31328,441,-636,-73
1773038733.023885,RX,ODOM,102,98,,,,
1773038733.025664,RX,IMU,17008,16,5900,-974,-2165,253
1773038733.043778,RX,ODOM,102,102,,,,
1773038733.045659,RX,IMU,26372,3720,10136,-421,-4895,-1055
1773038733.057728,TX,VELOCITY,300,300,,,,
1773038733.065094,RX,ODOM,110,109,,,,
1773038733.066947,RX,IMU,-3076,4396,5604,-885,735,-259
1773038733.084493,RX,ODOM,100,97,,,,
1773038733.086348,RX,IMU,9180,2712,32767,-638,1618,688
1773038733.104290,RX,ODOM,103,102,,,,
1773038733.106149,RX,IMU,-32768,-8324,32767,1041,4333,130
1773038733.124156,RX,ODOM,103,103,,,,
1773038733.126018,RX,IMU,22180,4704,4052,-796,-2988,-421
1773038733.144056,RX,ODOM,105,103,,,,
1773038733.145959,RX,IMU,-1032,11868,5044,-841,651,512
1773038733.163922,RX,ODOM,105,105,,,,
1773038733.165755,RX,IMU,4740,5264,6772,-542,-5799,832
1773038733.166492,TX,VELOCITY,300,300,,,,
1773038733.171903,TX,VELOCITY,300,300,,,,
1773038733.183807,RX,ODOM,105,104,,,,
1773038733.185681,RX,IMU,-32768,-7220,29692,623,3954,103
1773038733.203678,RX,ODOM,106,104,,,,
1773038733.205612,RX,IMU,23056,68,6972,-1496,-3949,-121
1773038733.223583,RX,ODOM,106,103,,,,
1773038733.225499,RX,IMU,5604,8740,5200,-546,358,-1099
1773038733.243389,RX,ODOM,107,105,,,,
1773038733.245263,RX,IMU,11424,2264,32767,-1052,3086,-172
1773038733.263286,RX,ODOM,106,103,,,,
1773038733.265169,RX,IMU,-31300,-960,19072,816,1917,-176
1773038733.274837,TX,VELOCITY,300,300,,,,
1773038733.283165,RX,ODOM,108,104,,,,
1773038733.285132,RX,IMU,7944,-7956,7272,178,-275,-1042
1773038733.303255,RX,ODOM,106,102,,,,
1773038733.305000,RX,IMU,10764,1872,13272,52,1672,-207
1773038733.323012,RX,ODOM,106,101,,,,
1773038733.324806,RX,IMU,-4980,-18736,4316,217,6564,336
1773038733.342877,RX,ODOM,107,103,,,,
1773038733.344719,RX,IMU,-14264,15360,14440,508,-8881,-529
1773038733.362717,RX,ODOM,106,105,,,,
1773038733.371939,TX,VELOCITY,300,300,,,,
1773038733.382635,RX,ODOM,105,103,,,,
1773038733.384596,TX,VELOCITY,300,300,,,,
1773038733.384650,RX,IMU,-1676,7224,4284,-1364,-100,-366
1773038733.402654,RX,ODOM,105,104,,,,
1773038733.405359,RX,IMU,-4184,8844,6144,-1306,938,-330
1773038733.422562,RX,ODOM,107,104,,,,
1773038733.424317,RX,IMU,3284,6904,5412,1020,-7784,-456
1773038733.442333,RX,ODOM,108,103,,,,
1773038733.444183,RX,IMU,-32768,-14096,32084,1420,989,-57
1773038733.462208,RX,ODOM,108,104,,,,
1773038733.464122,RX,IMU,2400,4776,32767,-49,-530,-1114
1773038733.482324,RX,ODOM,108,104,,,,
1773038733.484026,RX,IMU,-32768,80,28016,1778,-3972,-47
1773038733.492565,TX,VELOCITY,180,420,,,,
1773038733.502018,RX,ODOM,106,103,,,,
1773038733.503781,RX,IMU,4700,-1564,9080,-983,1831,279
1773038733.521847,RX,ODOM,104,108,,,,
1773038733.523753,RX,IMU,3036,520,12092,356,-1994,0
1773038733.541784,RX,ODOM,100,112,,,,
1773038733.543705,RX,IMU,3036,520,12092,356,-1994,0
1773038733.561682,RX,ODOM,97,115,,,,
1773038733.563478,RX,IMU,-32768,1544,30612,-192,-4916,3058
1773038733.571938,TX,VELOCITY,180,420,,,,
1773038733.581528,RX,ODOM,95,119,,,,
1773038733.601406,RX,ODOM,92,121,,,,
1773038733.603320,RX,IMU,18180,108,-2016,-169,-842,3882
1773038733.606992,TX,VELOCITY,180,420,,,,
1773038733.621374,RX,ODOM,90,123,,,,
1773038733.623189,RX,IMU,-16252,-21520,15976,31,2979,6781
1773038733.636713,TX,VELOCITY,300,300,,,,
1773038733.644152,RX,ODOM,99,140,,,,
1773038733.645944,RX,IMU,7644,14068,3632,-601,1301,7557
1773038733.663185,RX,ODOM,81,117,,,,
1773038733.664954,RX,IMU,2160,1332,9164,27,5473,6674
1773038733.682976,RX,ODOM,88,122,,,,
1773038733.703016,RX,ODOM,90,119,,,,
1773038733.704748,RX,IMU,-4472,8332,2448,-1658,1546,3744
1773038733.711637,TX,VELOCITY,300,300,,,,
1773038733.722775,RX,ODOM,94,117,,,,
1773038733.724722,RX,IMU,10916,8320,32767,-1808,-208,3236
1773038733.742780,RX,ODOM,94,113,,,,
1773038733.744557,RX,IMU,-19480,1288,10476,122,-7222,2165
1773038733.762635,RX,ODOM,97,112,,,,
1773038733.764549,RX,IMU,1808,4312,12856,-823,2665,2305
1773038733.771913,TX,VELOCITY,300,300,,,,
1773038733.782528,RX,ODOM,99,112,,,,
1773038733.784464,RX,IMU,692,1660,32767,-4,-1571,1190
1773038733.802472,RX,ODOM,100,110,,,,
1773038733.804214,RX,IMU,1448,-5328,6432,674,-1646,2496
1773038733.822257,RX,ODOM,103,112,,,,
1773038733.829795,TX,VELOCITY,300,300,,,,
1773038733.842201,RX,ODOM,105,110,,,,
1773038733.844027,RX,IMU,8820,-4436,16092,-1274,6169,1586
1773038733.862084,RX,ODOM,105,112,,,,
1773038733.863966,RX,IMU,10444,-1240,13260,-583,-2781,823
1773038733.882025,RX,ODOM,105,114,,,,
1773038733.883774,RX,IMU,1564,3252,10244,-1241,512,507
1773038733.901927,RX,ODOM,106,112,,,,
1773038733.903655,RX,IMU,-7428,-17228,10868,-738,1377,1299
1773038733.921806,RX,ODOM,108,112,,,,
1773038733.923560,RX,IMU,-25732,-416,9804,168,-2448,1422
1773038733.931031,TX,VELOCITY,420,180,,,,
1773038733.941580,RX,ODOM,107,112,,,,
1773038733.943492,RX,IMU,9480,7136,32767,-704,46,-660
1773038733.961520,RX,ODOM,112,109,,,,
1773038733.971978,TX,VELOCITY,420,180,,,,
1773038733.984395,RX,ODOM,135,119,,,,
1773038733.986186,RX,IMU,10060,-3528,7916,-314,-4190,-339
1773038734.003303,RX,ODOM,113,96,,,,
1773038734.005205,RX,IMU,-17384,-12880,27092,-649,1873,-1637
1773038734.023247,RX,ODOM,121,98,,,,
1773038734.025067,RX,IMU,8088,8364,784,-58,-1971,-3518
1773038734.038631,TX,VELOCITY,420,180,,,,
1773038734.046133,RX,ODOM,142,113,,,,
1773038734.059597,TX,VELOCITY,300,300,,,,
1773038734.066998,RX,ODOM,133,101,,,,
1773038734.068952,RX,IMU,-20180,80,19144,637,-1475,-4685
1773038734.086866,RX,ODOM,124,96,,,,
1773038734.088657,RX,IMU,-13928,9516,8532,-541,3134,-5968
1773038734.106746,RX,ODOM,122,100,,,,
1773038734.108632,RX,IMU,7604,-560,32767,-1070,-280,-5295
1773038734.126696,RX,ODOM,121,100,,,,
1773038734.128510,RX,IMU,9972,2636,64,157,-7256,-3424
1773038734.146552,RX,ODOM,120,101,,,,
1773038734.147808,TX,VELOCITY,300,300,,,,
1773038734.148393,RX,IMU,5388,6456,-6628,-854,1256,-3404
1773038734.166362,RX,ODOM,118,102,,,,
1773038734.168203,RX,IMU,-3692,1012,17872,-305,2554,-3405
1773038734.171944,TX,VELOCITY,300,300,,,,
1773038734.186376,RX,ODOM,119,102,,,,
1773038734.188188,RX,IMU,4664,-6316,12672,-533,465,-2562
1773038734.206096,RX,ODOM,118,101,,,,
1773038734.207991,RX,IMU,8368,-324,11328,1026,-2202,-1853
1773038734.226084,RX,ODOM,117,102,,,,
1773038734.227950,RX,IMU,-14684,-16428,8076,857,6263,-2322
1773038734.245992,RX,ODOM,116,103,,,,
1773038734.247864,RX,IMU,32767,-1380,-11100,-475,-5520,-2146
1773038734.259669,TX,VELOCITY,300,300,,,,
1773038734.267067,RX,ODOM,122,111,,,,
1773038734.268924,RX,IMU,10988,5116,10780,-141,-307,-1334
1773038734.286671,RX,ODOM,110,102,,,,
1773038734.288600,RX,IMU,-28840,3732,23944,1095,-3742,-1703
1773038734.306611,RX,ODOM,112,105,,,,
1773038734.308448,RX,IMU,2904,8428,-124,-257,633,-2153
1773038734.326466,RX,ODOM,110,105,,,,
1773038734.328442,RX,IMU,-1592,-17076,6620,-692,8167,-405
1773038734.346328,RX,ODOM,113,104,,,,
1773038734.348292,RX,IMU,3740,8764,16344,-132,-1750,-393
1773038734.366393,RX,ODOM,112,106,,,,
1773038734.366526,TX,VELOCITY,300,300,,,,
1773038734.368239,RX,IMU,384,6292,32767,-112,-2060,-1961
1773038734.371917,TX,VELOCITY,300,300,,,,
1773038734.386184,RX,ODOM,113,106,,,,
1773038734.388000,RX,IMU,-31788,-8832,24372,1604,2230,-777
1773038734.406052,RX,ODOM,111,106,,,,
1773038734.407983,RX,IMU,9808,2368,8216,-738,5317,-143
1773038734.426160,RX,ODOM,112,108,,,,
1773038734.427867,RX,IMU,5380,-17972,7964,-639,3041,-1147
1773038734.445898,RX,ODOM,112,109,,,,
1773038734.447819,RX,IMU,14944,-1160,10372,-492,-1254,182
1773038734.465828,RX,ODOM,110,109,,,,
1773038734.467649,RX,IMU,580,1296,16152,352,477,-246
1773038734.480008,TX,VELOCITY,300,300,,,,
1773038734.487400,RX,ODOM,117,119,,,,
1773038734.489362,RX,IMU,7912,-2396,14980,-534,1931,943
1773038734.506649,RX,ODOM,103,104,,,,
1773038734.508486,RX,IMU,-1356,8628,23008,287,1879,727
1773038734.526433,RX,ODOM,108,111,,,,
1773038734.528358,RX,IMU,-28216,-612,13608,1698,-6407,1487
1773038734.546444,RX,ODOM,109,112,,,,
1773038734.548203,RX,IMU,-18912,8740,4860,-246,1648,714
1773038734.566218,RX,ODOM,109,114,,,,
1773038734.568444,RX,IMU,9688,7736,32767,-1251,-2823,-72
1773038734.572124,TX,VELOCITY,300,300,,,,
1773038734.586091,RX,ODOM,109,113,,,,
1773038734.588091,RX,IMU,-32768,348,27340,1295,-5873,879
1773038734.588225,TX,VELOCITY,300,300,,,,
1773038734.606008,RX,ODOM,108,110,,,,
1773038734.625999,RX,ODOM,108,109,,,,
1773038734.645776,RX,ODOM,110,109,,,,
1773038734.647710,RX,IMU,8184,5980,5880,-312,-7180,620
1773038734.665689,RX,ODOM,108,109,,,,
1773038734.667605,RX,IMU,17884,4988,5324,-249,-2181,-645
1773038734.685698,RX,ODOM,111,108,,,,
1773038734.687440,RX,IMU,-31200,-15144,19840,328,4382,469
1773038734.696598,TX,VELOCITY,300,300,,,,
1773038734.705509,RX,ODOM,110,106,,,,
1773038734.707360,RX,IMU,-32148,-576,20732,752,-4912,748
1773038734.725457,RX,ODOM,107,105,,,,
1773038734.727258,RX,IMU,9820,3976,32767,-185,2751,-315
1773038734.745290,RX,ODOM,108,106,,,,
1773038734.747347,RX,IMU,-964,-22172,7448,-331,6847,468
1773038734.765187,RX,ODOM,109,108,,,,
1773038734.767185,RX,IMU,2672,9080,880,-272,-1913,195
1773038734.771958,TX,VELOCITY,300,300,,,,
1773038734.785128,RX,ODOM,109,108,,,,
1773038734.787058,RX,IMU,1272,7204,7328,-891,2384,-334
1773038734.805109,RX,ODOM,108,106,,,,
1773038734.806916,RX,IMU,2504,-6168,21088,-33,4363,-212
1773038734.807075,TX,VELOCITY,300,300,,,,
1773038734.824945,RX,ODOM,108,104,,,,
1773038734.826867,RX,IMU,27652,236,-2800,-476,-5198,-1083
1773038734.844826,RX,ODOM,108,105,,,,
1773038734.846684,RX,IMU,-10180,9056,7868,-414,911,-822
1773038734.864703,RX,ODOM,110,105,,,,
1773038734.866606,RX,IMU,-8492,-14948,6116,240,7178,-591
1773038734.884655,RX,ODOM,112,105,,,,
1773038734.886551,RX,IMU,-32768,2416,21856,1370,-5596,-365
1773038734.904516,RX,ODOM,110,107,,,,
1773038734.906474,RX,IMU,13496,4664,10064,101,-73,-1252
1773038734.924435,RX,ODOM,110,106,,,,
1773038734.926305,RX,IMU,-6080,-12828,4988,544,8299,-326
1773038734.944293,RX,ODOM,111,106,,,,
1773038734.946144,RX,IMU,19392,1900,7180,-327,-4656,-525
1773038734.961827,TX,VELOCITY,300,300,,,,
1773038734.969207,RX,ODOM,139,133,,,,
1773038734.971243,RX,IMU,7064,684,11608,-804,119,-723
1773038734.971911,TX,VELOCITY,300,300,,,,
1773038734.989179,RX,ODOM,110,106,,,,
1773038734.990947,RX,IMU,7788,3648,30140,-1063,921,-34
1773038735.009077,RX,ODOM,108,103,,,,
1773038735.010817,RX,IMU,-32768,-5972,31832,1506,370,-1230
1773038735.022878,TX,VELOCITY,300,300,,,,
1773038735.030291,RX,ODOM,116,111,,,,
1773038735.032165,RX,IMU,-8008,2076,10063,-1,-1,-1
1773038735.049808,RX,ODOM,106,102,,,,
1773038735.051665,RX,IMU,15992,-1240,14056,260,-1495,-1177
1773038735.069747,RX,ODOM,108,103,,,,
1773038735.071628,RX,IMU,-32768,6048,19572,1102,-4977,-785
1773038735.089531,RX,ODOM,109,104,,,,
1773038735.091406,RX,IMU,18564,-3444,6168,-841,-1036,-517
1773038735.109457,RX,ODOM,109,104,,,,
1773038735.111438,RX,IMU,11016,8708,32767,-1485,575,-1136
1773038735.129420,RX,ODOM,106,105,,,,
1773038735.131228,RX,IMU,-10768,-3096,5736,327,-1752,-383
1773038735.134261,TX,VELOCITY,300,300,,,,
1773038735.149337,RX,ODOM,108,105,,,,
1773038735.151178,RX,IMU,-5716,11684,8120,-1414,1649,100
1773038735.169272,RX,ODOM,109,107,,,,
1773038735.171125,RX,IMU,6576,-3396,24000,-582,4812,-641
1773038735.171941,TX,VELOCITY,300,300,,,,
1773038735.189024,RX,ODOM,110,106,,,,
1773038735.190909,RX,IMU,-32768,-18436,23064,1048,4574,-433
1773038735.208952,RX,ODOM,110,106,,,,
1773038735.210933,RX,IMU,14540,5868,11772,-842,-161,-457
1773038735.228869,RX,ODOM,110,106,,,,
1773038735.230714,RX,IMU,-32768,-15756,24032,493,4819,-13
1773038735.244641,TX,VELOCITY,300,300,,,,
1773038735.252022,RX,ODOM,128,124,,,,
1773038735.271582,RX,ODOM,108,106,,,,
1773038735.273438,RX,IMU,-32768,-19132,32767,1297,5291,-237
1773038735.291593,RX,ODOM,109,108,,,,
1773038735.293427,RX,IMU,-32768,-696,20852,1882,-8578,-528
1773038735.311389,RX,ODOM,110,108,,,,
1773038735.313258,RX,IMU,-7392,-7184,32096,-780,-1193,71
1773038735.326712,TX,VELOCITY,0,0,,,,
1773038735.334230,RX,ODOM,127,126,,,,
1773038735.335971,RX,IMU,-7512,9720,3120,-404,1402,-837
1773038735.353147,RX,ODOM,105,102,,,,
1773038735.355021,RX,IMU,-22932,-18956,19692,-100,5014,-3
1773038735.371938,TX,VELOCITY,0,0,,,,
1773038735.373076,RX,ODOM,105,102,,,,
1773038735.374929,RX,IMU,4708,-12244,18636,-1712,-2041,771
1773038735.393033,RX,ODOM,101,96,,,,
1773038735.394833,RX,IMU,6820,5548,-268,-777,449,720
1773038735.412859,RX,ODOM,96,92,,,,
1773038735.414738,RX,IMU,5204,1580,32767,-111,-240,130
1773038735.425683,TX,VELOCITY,-300,-300,,,,
1773038735.433074,RX,ODOM,94,90,,,,
1773038735.435234,RX,IMU,352,-84,23120,1015,-1029,-1029
1773038735.452735,RX,ODOM,70,68,,,,
1773038735.455777,RX,IMU,-8408,2420,12492,-261,1189,-942
1773038735.472667,RX,ODOM,34,35,,,,
1773038735.475143,RX,IMU,-9348,-4,21292,-945,2213,-744
1773038735.492583,RX,ODOM,10,10,,,,
1773038735.494749,RX,IMU,-7856,-876,18332,-1367,3862,988
1773038735.512476,RX,ODOM,-5,-3,,,,
1773038735.514400,RX,IMU,-3160,772,14732,-474,3174,878
1773038735.524239,TX,VELOCITY,-300,-300,,,,
1773038735.532391,RX,ODOM,-16,-12,,,,
1773038735.534325,RX,IMU,-2820,-1288,14140,208,618,577
1773038735.552202,RX,ODOM,-25,-22,,,,
1773038735.554059,RX,IMU,-4800,204,17448,-433,-1162,950
1773038735.571947,TX,VELOCITY,-300,-300,,,,
1773038735.572091,RX,ODOM,-30,-28,,,,
1773038735.573935,RX,IMU,-2876,252,14608,-460,-2823,978
1773038735.592080,RX,ODOM,-35,-31,,,,
1773038735.593902,RX,IMU,-2968,772,14088,-103,-5120,80
1773038735.611987,RX,ODOM,-41,-37,,,,
1773038735.613817,RX,IMU,948,452,9380,145,-407,137
1773038735.631842,TX,VELOCITY,-300,-300,,,,
1773038735.631885,RX,ODOM,-47,-44,,,,
1773038735.633663,RX,IMU,31468,-12132,-4056,-523,-692,-99
1773038735.651687,RX,ODOM,-56,-54,,,,
1773038735.653585,RX,IMU,2772,-244,13372,-475,-997,125
1773038735.671701,RX,ODOM,-61,-60,,,,
1773038735.691530,RX,ODOM,-66,-64,,,,
1773038735.693425,RX,IMU,-2392,120,15684,-847,-102,265
1773038735.711493,RX,ODOM,-66,-66,,,,
1773038735.713228,RX,IMU,-10560,1720,32767,-1230,-1634,204
1773038735.731373,RX,ODOM,-64,-66,,,,
1773038735.733139,RX,IMU,-1576,3316,12060,-155,-868,331
1773038735.742763,TX,VELOCITY,-300,-300,,,,
1773038735.751139,RX,ODOM,-66,-66,,,,
1773038735.753004,RX,IMU,3592,-872,19436,-121,-3966,189
1773038735.771328,RX,ODOM,-70,-69,,,,
1773038735.772429,TX,VELOCITY,-300,-300,,,,
1773038735.772887,RX,IMU,-840,3684,14948,63,133,-75
1773038735.791026,RX,ODOM,-71,-71,,,,
1773038735.792897,RX,IMU,14224,-1660,10576,150,-1733,-275
1773038735.810838,RX,ODOM,-74,-74,,,,
1773038735.812771,RX,IMU,-5364,2304,18356,107,520,79
1773038735.830701,RX,ODOM,-75,-74,,,,
1773038735.832574,RX,IMU,-7140,-5008,12500,-1034,38,-534
1773038735.850687,RX,ODOM,-76,-76,,,,
1773038735.852552,TX,VELOCITY,-300,-300,,,,
1773038735.852593,RX,IMU,-1048,576,28084,-141,1132,-233
1773038735.870467,RX,ODOM,-74,-78,,,,
1773038735.872380,RX,IMU,1160,-1284,13916,19,107,-62
1773038735.890455,RX,ODOM,-76,-79,,,,
1773038735.892245,RX,IMU,4804,-5144,5272,-174,2649,-183
1773038735.910278,RX,ODOM,-78,-81,,,,
1773038735.912196,RX,IMU,15992,-300,5488,686,-1224,-177
1773038735.930274,RX,ODOM,-80,-82,,,,
1773038735.932147,RX,IMU,-704,956,23264,-115,1035,-133
1773038735.950182,RX,ODOM,-80,-82,,,,
1773038735.964373,TX,VELOCITY,-300,-300,,,,
1773038735.971865,TX,VELOCITY,-300,-300,,,,
1773038735.974976,RX,ODOM,-102,-102,,,,
1773038735.976751,RX,IMU,5588,284,32767,-501,570,-451
1773038735.993932,RX,ODOM,-77,-77,,,,
1773038735.995698,RX,IMU,1500,6244,10328,5,-2083,-764
1773038736.013720,RX,ODOM,-81,-83,,,,
1773038736.015579,RX,IMU,-5136,-2320,19308,746,-2057,-314
1773038736.033696,RX,ODOM,-82,-84,,,,
1773038736.035486,RX,IMU,-6388,-2056,15172,59,648,92
1773038736.053591,RX,ODOM,-83,-86,,,,
1773038736.055405,RX,IMU,-19756,-1136,23056,-1009,4519,77
1773038736.072308,TX,VELOCITY,-300,-300,,,,
1773038736.073406,RX,ODOM,-84,-86,,,,
1773038736.075423,RX,IMU,20836,2220,1688,-327,374,-281
1773038736.093284,RX,ODOM,-85,-88,,,,
1773038736.095276,RX,IMU,-8244,-2944,32767,-3,-3527,-494
1773038736.113187,RX,ODOM,-85,-87,,,,
1773038736.133232,RX,ODOM,-86,-88,,,,
1773038736.134931,RX,IMU,-6020,1312,32767,-386,371,213
1773038736.153124,RX,ODOM,-88,-89,,,,
1773038736.154856,RX,IMU,3880,-9756,15204,-447,250,-265
1773038736.171903,TX,VELOCITY,-300,-300,,,,
1773038736.172858,RX,ODOM,-89,-90,,,,
1773038736.174815,RX,IMU,2116,2136,13072,-423,-973,-187
1773038736.192436,TX,VELOCITY,-420,-180,,,,
1773038736.192754,RX,ODOM,-88,-90,,,,
1773038736.194647,RX,IMU,2188,1256,11668,-847,-1157,-110
1773038736.212723,RX,ODOM,-91,-90,,,,
1773038736.214607,RX,IMU,-15388,-1184,17004,-818,1437,3
1773038736.218866,TX,VELOCITY,-300,-300,,,,
1773038736.232557,RX,ODOM,-95,-86,,,,
1773038736.234419,RX,IMU,1444,-460,18332,-619,-2781,347
1773038736.252529,RX,ODOM,-96,-86,,,,
1773038736.254320,RX,IMU,8336,1848,29540,-1159,733,846
1773038736.272420,RX,ODOM,-94,-88,,,,
1773038736.274218,RX,IMU,-13572,1540,32767,-366,273,479
1773038736.292333,RX,ODOM,-94,-91,,,,
1773038736.293837,TX,VELOCITY,-300,-300,,,,
1773038736.294109,RX,IMU,936,-880,31084,-463,2498,954
1773038736.312118,RX,ODOM,-94,-91,,,,
1773038736.314010,RX,IMU,5056,-168,30104,-445,1008,1070
1773038736.332044,RX,ODOM,-94,-94,,,,
1773038736.333893,RX,IMU,4872,-2188,32767,-847,2519,1422
1773038736.351993,RX,ODOM,-94,-92,,,,
1773038736.353831,RX,IMU,-16064,-3780,32767,-853,-3091,482
1773038736.371922,TX,VELOCITY,-300,-300,,,,
1773038736.372123,RX,ODOM,-94,-93,,,,
1773038736.373784,RX,IMU,-5036,4272,32767,-777,169,-213
1773038736.391769,RX,ODOM,-93,-92,,,,
1773038736.393656,RX,IMU,-26636,-5288,32767,-19,-2177,-237
1773038736.399283,TX,VELOCITY,-300,-300,,,,
1773038736.411686,RX,ODOM,-93,-91,,,,
1773038736.413517,RX,IMU,19912,-4640,3600,887,-898,-528
1773038736.431566,RX,ODOM,-93,-93,,,,
1773038736.433395,RX,IMU,16456,-3456,1484,-66,-83,-302
1773038736.451415,RX,ODOM,-93,-93,,,,
1773038736.453295,RX,IMU,11652,-1808,12532,-19,-2293,126
1773038736.471376,RX,ODOM,-94,-95,,,,
1773038736.473217,RX,IMU,14252,-3936,13912,294,-3593,-1
1773038736.491344,RX,ODOM,-94,-95,,,,
1773038736.493155,RX,IMU,52,-4368,7276,-1502,3954,-1400
1773038736.509821,TX,VELOCITY,-300,-300,,,,
1773038736.511115,RX,ODOM,-94,-96,,,,
1773038736.531125,RX,ODOM,-94,-96,,,,
1773038736.533029,RX,IMU,-11672,-7032,14848,-1035,5122,173
1773038736.551069,RX,ODOM,-94,-97,,,,
1773038736.552760,RX,IMU,7736,-6204,9452,-2014,2392,-305
1773038736.570799,RX,ODOM,-96,-97,,,,
1773038736.571902,TX,VELOCITY,-300,-300,,,,
1773038736.572695,RX,IMU,7532,9540,6756,-600,-3013,-782
1773038736.590793,RX,ODOM,-96,-98,,,,
1773038736.610579,RX,ODOM,-96,-99,,,,
1773038736.612484,RX,IMU,6668,816,8544,458,-1406,-981
1773038736.628383,TX,VELOCITY,-420,-180,,,,
1773038736.635748,RX,ODOM,-121,-125,,,,
1773038736.655441,RX,ODOM,-97,-96,,,,
1773038736.657201,RX,IMU,-6320,-2400,16524,141,1220,60
1773038736.659154,TX,VELOCITY,-300,-300,,,,
1773038736.675301,RX,ODOM,-103,-94,,,,
1773038736.677155,RX,IMU,-448,4064,15408,630,-1172,-215
1773038736.695216,RX,ODOM,-103,-95,,,,
1773038736.715022,RX,ODOM,-101,-96,,,,
1773038736.716939,RX,IMU,-6200,-7520,32767,-1323,-2713,1170
1773038736.726545,TX,VELOCITY,-300,-300,,,,
1773038736.735082,RX,ODOM,-101,-97,,,,
1773038736.736781,RX,IMU,16556,2072,7472,322,606,507
1773038736.754818,RX,ODOM,-100,-98,,,,
1773038736.756669,RX,IMU,-23416,-8708,20916,-1110,5846,68
1773038736.771894,TX,VELOCITY,-300,-300,,,,
1773038736.779400,RX,ODOM,-124,-120,,,,
1773038736.781191,RX,IMU,-17004,-5836,32767,-848,-541,853
1773038736.798593,RX,ODOM,-96,-93,,,,
1773038736.800503,RX,IMU,740,1628,13736,-198,-11026,1174
1773038736.818496,RX,ODOM,-99,-97,,,,
1773038736.820422,RX,IMU,-15684,-2176,19872,-1362,3016,468
1773038736.834854,TX,VELOCITY,-300,-300,,,,
1773038736.842325,RX,ODOM,-119,-116,,,,
1773038736.844267,RX,IMU,-16668,-3784,32767,62,-1805,211
1773038736.861327,RX,ODOM,-96,-94,,,,
1773038736.863170,RX,IMU,-25360,-2300,32767,-292,-2771,89
1773038736.881245,RX,ODOM,-98,-98,,,,
1773038736.883150,RX,IMU,-12476,-8996,-320,-386,-9953,312
1773038736.901133,RX,ODOM,-100,-98,,,,
1773038736.903025,RX,IMU,-26124,-7860,22320,-563,4692,-205
1773038736.920964,RX,ODOM,-100,-100,,,,
1773038736.922865,RX,IMU,-6504,6932,19368,-125,3165,348
1773038736.940914,RX,ODOM,-100,-98,,,,
1773038736.942830,RX,IMU,4328,-1280,9140,-1384,1387,106
1773038736.948897,TX,VELOCITY,-420,-180,,,,
1773038736.964255,RX,ODOM,-114,-118,,,,
1773038736.966207,RX,IMU,11616,1356,-13292,-395,3106,-391
1773038736.971891,TX,VELOCITY,-420,-180,,,,
1773038736.983740,RX,ODOM,-98,-94,,,,
1773038736.985578,RX,IMU,-11200,-8240,9712,-250,5128,-616
1773038737.003583,RX,ODOM,-104,-95,,,,
1773038737.005419,RX,IMU,-18592,8084,13468,-118,-701,860
1773038737.023477,RX,ODOM,-110,-92,,,,
1773038737.024906,TX,VELOCITY,-300,-300,,,,
1773038737.025329,RX,IMU,-8460,-6000,32767,-519,-4640,2966
1773038737.043274,RX,ODOM,-111,-91,,,,
1773038737.055695,TX,VELOCITY,-300,-300,,,,
1773038737.063170,RX,ODOM,-111,-94,,,,
1773038737.065038,RX,IMU,6756,4844,16952,838,682,2835
1773038737.083074,RX,ODOM,-109,-96,,,,
1773038737.084969,RX,IMU,-1592,1564,19868,-380,-3556,2541
1773038737.102909,RX,ODOM,-109,-98,,,,
1773038737.122913,RX,ODOM,-108,-100,,,,
1773038737.124732,RX,IMU,9104,-8236,3804,-982,1129,2856
1773038737.142837,RX,ODOM,-108,-98,,,,
1773038737.144639,RX,IMU,-14220,3140,5044,-1032,4304,766
1773038737.162736,RX,ODOM,-109,-98,,,,
1773038737.164138,TX,VELOCITY,-300,-300,,,,
1773038737.164486,RX,IMU,-5912,2476,7812,464,2991,870
1773038737.171873,TX,VELOCITY,-300,-300,,,,
1773038737.182481,RX,ODOM,-107,-98,,,,
1773038737.184410,RX,IMU,6008,6164,20844,-1067,2180,705
1773038737.202422,RX,ODOM,-106,-100,,,,
1773038737.204241,RX,IMU,-1508,-9196,4840,526,1351,-18
1773038737.222287,RX,ODOM,-106,-102,,,,
1773038737.224147,RX,IMU,-2992,-5664,12632,11,932,661
1773038737.242155,RX,ODOM,-104,-102,,,,
1773038737.244064,RX,IMU,9708,2244,5900,-529,-1031,442
1773038737.262093,RX,ODOM,-105,-103,,,,
1773038737.276341,TX,VELOCITY,-300,-300,,,,
1773038737.283835,RX,ODOM,-114,-114,,,,
1773038737.285669,RX,IMU,8312,880,19596,-371,320,754
1773038737.302835,RX,ODOM,-100,-101,,,,
1773038737.304661,RX,IMU,-1724,388,32767,-584,-503,-492
1773038737.322701,RX,ODOM,-105,-104,,,,
1773038737.324570,RX,IMU,1584,-1048,80,-1536,2509,7
1773038737.342589,RX,ODOM,-105,-105,,,,
1773038737.344428,RX,IMU,400,15524,21816,472,-5198,194
1773038737.362471,RX,ODOM,-105,-104,,,,
1773038737.364302,RX,IMU,12864,2924,26832,-706,1723,-410
1773038737.371941,TX,VELOCITY,-300,-300,,,,
1773038737.382490,TX,VELOCITY,-300,-300,,,,
1773038737.382521,RX,ODOM,-105,-105,,,,
1773038737.384216,RX,IMU,-5452,-11744,-12408,-101,1615,-363
1773038737.402244,RX,ODOM,-105,-106,,,,
1773038737.404109,RX,IMU,-2956,-80,19124,-257,-1560,-118
1773038737.422178,RX,ODOM,-104,-105,,,,
1773038737.424026,RX,IMU,25620,3996,26120,-1031,31,481
1773038737.442042,RX,ODOM,-104,-105,,,,
1773038737.444011,RX,IMU,-10904,2524,-744,35,1855,531
1773038737.462103,RX,ODOM,-106,-106,,,,
1773038737.463764,RX,IMU,6868,180,9220,-18,2552,325
1773038737.481954,RX,ODOM,-105,-107,,,,
1773038737.483775,RX,IMU,-12928,7252,32767,-757,712,-819
1773038737.491005,TX,VELOCITY,-420,-180,,,,
1773038737.501819,RX,ODOM,-107,-107,,,,
1773038737.503596,RX,IMU,17832,-724,-12352,343,2722,344
1773038737.521682,RX,ODOM,-110,-106,,,,
1773038737.523476,RX,IMU,6996,1764,12004,-1669,1228,949
1773038737.541614,RX,ODOM,-114,-100,,,,
1773038737.543442,RX,IMU,2224,-13188,32767,-1513,-1351,617
1773038737.560498,TX,VELOCITY,-300,-300,,,,
1773038737.561439,RX,ODOM,-118,-98,,,,
1773038737.563335,RX,IMU,-16020,-10848,18448,-647,7193,2003
1773038737.571881,TX,VELOCITY,-300,-300,,,,
1773038737.581329,RX,ODOM,-118,-94,,,,
1773038737.583172,RX,IMU,5692,7296,32767,-1207,1306,3752
1773038737.601290,RX,ODOM,-117,-98,,,,
1773038737.604201,TX,VELOCITY,-300,-300,,,,
1773038737.621099,RX,ODOM,-115,-99,,,,
1773038737.623036,RX,IMU,9148,11696,10584,88,-1217,2890
1773038737.641044,RX,ODOM,-116,-101,,,,
1773038737.642881,RX,IMU,2640,-21000,32692,266,-2161,2997
1773038737.660974,RX,ODOM,-116,-102,,,,
1773038737.680891,RX,ODOM,-114,-104,,,,
1773038737.682716,RX,IMU,-4796,7428,17852,-1128,2911,2216
1773038737.700811,RX,ODOM,-115,-103,,,,
1773038737.702654,RX,IMU,17660,1688,-12016,1380,397,703
1773038737.710835,TX,VELOCITY,-300,-300,,,,
1773038737.720657,RX,ODOM,-114,-105,,,,
1773038737.722512,RX,IMU,-8384,8184,11944,44,-590,1513
1773038737.740565,RX,ODOM,-113,-105,,,,
1773038737.742384,RX,IMU,-4036,-4768,32767,-392,-2509,1478
1773038737.760445,RX,ODOM,-112,-107,,,,
1773038737.771893,TX,VELOCITY,-300,-300,,,,
1773038737.780287,RX,ODOM,-112,-106,,,,
1773038737.782166,RX,IMU,-5448,6152,16528,-1102,-1609,1344
1773038737.800165,RX,ODOM,-112,-106,,,,
1773038737.802136,RX,IMU,19792,-6956,4180,918,-3526,172
1773038737.820054,RX,ODOM,-111,-106,,,,
1773038737.821928,RX,IMU,-7172,-6984,18308,-517,1414,516
1773038737.826585,TX,VELOCITY,-300,-300,,,,
1773038737.840047,RX,ODOM,-111,-106,,,,
1773038737.841935,RX,IMU,-1468,3196,4220,-700,-1251,545
1773038737.859864,RX,ODOM,-108,-104,,,,
1773038737.879709,RX,ODOM,-109,-106,,,,
1773038737.881548,RX,IMU,13080,3916,6940,-113,-1061,727
1773038737.899633,RX,ODOM,-109,-106,,,,
1773038737.901462,RX,IMU,-5000,408,32767,-725,-608,-449
1773038737.919503,RX,ODOM,-110,-105,,,,
1773038737.921329,RX,IMU,-12332,-5860,15144,-655,3243,467
1773038737.932666,TX,VELOCITY,-300,-300,,,,
1773038737.940175,RX,ODOM,-112,-111,,,,
1773038737.941933,RX,IMU,-320,7320,10396,-404,-761,993
1773038737.959179,RX,ODOM,-104,-102,,,,
1773038737.961109,RX,IMU,-9400,-7392,32767,-12,731,732
1773038737.971876,TX,VELOCITY,-300,-300,,,,
1773038737.979239,RX,ODOM,-110,-108,,,,
1773038737.981101,RX,IMU,-10936,-5040,4016,-624,7580,855
1773038737.999024,RX,ODOM,-108,-106,,,,
1773038738.000838,RX,IMU,1808,11168,2932,-72,-267,733
1773038738.018807,RX,ODOM,-108,-106,,,,
1773038738.020666,RX,IMU,4452,4148,32767,-1329,-109,-3
1773038738.038711,RX,ODOM,-110,-106,,,,
1773038738.040024,TX,VELOCITY,-300,-300,,,,
1773038738.040574,RX,IMU,-2164,6916,-3032,-1179,5781,84
1773038738.058672,RX,ODOM,-108,-107,,,,
1773038738.060509,RX,IMU,-4576,6492,8860,-778,-1271,302
1773038738.078520,RX,ODOM,-108,-106,,,,
1773038738.080433,RX,IMU,-8520,-9816,22032,774,-2476,-263
1773038738.098374,RX,ODOM,-108,-107,,,,
1773038738.100210,RX,IMU,-11136,-9420,18056,-132,1025,101
1773038738.118235,RX,ODOM,-109,-108,,,,
1773038738.120099,RX,IMU,7352,6172,32767,-1544,1589,116
1773038738.138124,RX,ODOM,-108,-108,,,,
1773038738.140085,RX,IMU,-11904,-19088,25348,-89,701,182
1773038738.154567,TX,VELOCITY,-300,-300,,,,
1773038738.161967,RX,ODOM,-129,-129,,,,
1773038738.163795,RX,IMU,-4688,3616,32767,-1001,-2011,83
1773038738.171866,TX,VELOCITY,-300,-300,,,,
1773038738.180948,RX,ODOM,-104,-103,,,,
1773038738.182726,RX,IMU,-15464,40,1044,604,352,243
1773038738.200867,RX,ODOM,-107,-107,,,,
1773038738.202691,RX,IMU,25864,10240,-12296,-277,2152,279
1773038738.220683,RX,ODOM,-105,-107,,,,
1773038738.222502,RX,IMU,-13288,-5788,32767,-357,-4592,-329
1773038738.240567,RX,ODOM,-106,-108,,,,
1773038738.242413,RX,IMU,-440,-8332,15708,141,558,356
1773038738.260521,RX,ODOM,-106,-106,,,,
1773038738.265045,TX,VELOCITY,-300,-300,,,,
1773038738.280427,RX,ODOM,-108,-106,,,,
1773038738.300268,RX,ODOM,-105,-104,,,,
1773038738.302067,RX,IMU,-14588,-2896,21068,-476,629,264
1773038738.320083,RX,ODOM,-107,-105,,,,
1773038738.322088,RX,IMU,10884,3952,12372,-1307,471,221
1773038738.339986,RX,ODOM,-109,-105,,,,
1773038738.341977,RX,IMU,27024,-568,-9204,34,-3089,-66
1773038738.359893,RX,ODOM,-108,-106,,,,
1773038738.361739,RX,IMU,-852,8748,9752,-116,-1786,592
1773038738.367557,TX,VELOCITY,-300,-300,,,,
1773038738.371837,TX,VELOCITY,-300,-300,,,,
1773038738.380400,RX,ODOM,-112,-111,,,,
1773038738.382296,RX,IMU,-1776,-8708,4480,949,379,382
1773038738.399655,RX,ODOM,-104,-103,,,,
1773038738.401553,RX,IMU,-20888,-11900,22032,224,1460,316
1773038738.419568,RX,ODOM,-108,-107,,,,
1773038738.421399,RX,IMU,-1020,8220,32767,-1115,-99,-648
1773038738.439457,RX,ODOM,-107,-108,,,,
1773038738.441264,RX,IMU,-21388,-880,10328,-873,6270,-206
1773038738.459392,RX,ODOM,-106,-108,,,,
1773038738.461291,RX,IMU,5984,10220,5984,-118,1281,83
1773038738.479203,RX,ODOM,-106,-107,,,,
1773038738.481030,RX,IMU,-11268,-8468,32767,582,-7920,-454
1773038738.483412,TX,VELOCITY,-300,-300,,,,
1773038738.499174,RX,ODOM,-107,-109,,,,
1773038738.518928,RX,ODOM,-107,-109,,,,
1773038738.520768,RX,IMU,6296,2428,14004,-531,-3120,-456
1773038738.538917,RX,ODOM,-108,-108,,,,
1773038738.558735,RX,ODOM,-110,-109,,,,
1773038738.571965,TX,VELOCITY,-300,-300,,,,
1773038738.579430,RX,ODOM,-113,-113,,,,
1773038738.581197,RX,IMU,-6752,-4780,32767,-955,-2714,-626
1773038738.587823,TX,VELOCITY,-300,-300,,,,
1773038738.598476,RX,ODOM,-103,-103,,,,
1773038738.600231,RX,IMU,14204,21164,21524,859,-5093,-302
1773038738.618268,RX,ODOM,-107,-107,,,,
1773038738.620099,RX,IMU,104,-9348,17064,-168,-201,1083
1773038738.638155,RX,ODOM,-107,-108,,,,
1773038738.639946,RX,IMU,-18968,-5648,32767,-878,-5517,-383
1773038738.657966,RX,ODOM,-107,-109,,,,
1773038738.677804,RX,ODOM,-109,-109,,,,
1773038738.679710,RX,IMU,9012,6044,17200,-266,-318,-106
1773038738.696190,TX,VELOCITY,-300,-300,,,,
1773038738.697690,RX,ODOM,-109,-109,,,,
1773038738.699554,RX,IMU,-32732,7240,13364,989,3955,222
1773038738.717501,RX,ODOM,-109,-109,,,,
1773038738.719418,RX,IMU,-29220,-6980,14668,-259,4638,255
1773038738.737441,RX,ODOM,-112,-110,,,,
1773038738.739306,RX,IMU,26600,1420,8908,1885,-4488,-927
1773038738.757282,RX,ODOM,-112,-110,,,,
1773038738.771879,TX,VELOCITY,-300,-300,,,,
1773038738.779335,RX,ODOM,-124,-123,,,,
1773038738.781200,RX,IMU,2676,-4356,12328,1254,-11,317
1773038738.799049,RX,ODOM,-110,-109,,,,
1773038738.800877,RX,IMU,-3752,4144,10564,-1158,512,391
1773038738.804468,TX,VELOCITY,-300,-300,,,,
1773038738.818849,RX,ODOM,-110,-109,,,,
1773038738.820757,RX,IMU,2120,3180,32492,286,-3506,-750
1773038738.838784,RX,ODOM,-107,-109,,,,
1773038738.840603,RX,IMU,-17416,-7816,16188,796,992,185
1773038738.858650,RX,ODOM,-108,-108,,,,
1773038738.860515,RX,IMU,6736,-5872,32767,-321,-3973,-79
1773038738.878520,RX,ODOM,-109,-110,,,,
1773038738.898464,RX,ODOM,-110,-110,,,,
1773038738.900346,RX,IMU,-1936,3216,32767,-354,-476,-66
1773038738.914794,TX,VELOCITY,-300,-300,,,,
1773038738.922340,RX,ODOM,-132,-132,,,,
1773038738.924043,RX,IMU,6888,15920,2120,927,874,171
1773038738.941149,RX,ODOM,-104,-103,,,,
1773038738.942968,RX,IMU,21180,2744,11608,707,-1299,102
1773038738.961051,RX,ODOM,-110,-109,,,,
1773038738.962873,RX,IMU,20588,-2580,-1028,-866,848,-124
1773038738.971900,TX,VELOCITY,-300,-300,,,,
1773038738.980922,RX,ODOM,-108,-108,,,,
1773038738.982796,RX,IMU,2792,-11960,32767,-557,-3334,-722
1773038739.000807,RX,ODOM,-108,-108,,,,
1773038739.002600,RX,IMU,-10720,-12476,15996,-1893,1204,174
1773038739.020670,RX,ODOM,-110,-109,,,,
1773038739.022529,RX,IMU,1612,10204,32767,-1173,-845,-231
1773038739.030906,TX,VELOCITY,-300,-300,,,,
1773038739.040643,RX,ODOM,-108,-109,,,,
1773038739.042336,RX,IMU,25672,7276,-15160,34,-12417,-709
1773038739.060417,RX,ODOM,-109,-110,,,,
1773038739.062278,RX,IMU,6120,12136,5828,-336,-1180,-160
1773038739.080348,RX,ODOM,-109,-110,,,,
1773038739.082164,RX,IMU,48,-1308,-6584,1327,797,-79
1773038739.100237,RX,ODOM,-108,-110,,,,
1773038739.102085,RX,IMU,-23748,7528,23664,-564,-1108,706
1773038739.119980,RX,ODOM,-110,-110,,,,
1773038739.122013,RX,IMU,11028,-1220,-16364,1067,3161,-653
1773038739.133929,TX,VELOCITY,-300,-300,,,,
1773038739.141392,RX,ODOM,-120,-119,,,,
1773038739.143279,RX,IMU,8024,7628,23740,-445,2311,-448
1773038739.160798,RX,ODOM,-109,-108,,,,
1773038739.162647,RX,IMU,25832,-7892,-404,1067,-3077,-1026
1773038739.171881,TX,VELOCITY,-300,-300,,,,
1773038739.180697,RX,ODOM,-111,-111,,,,
1773038739.182534,RX,IMU,4452,2712,8908,-397,193,562
1773038739.200504,RX,ODOM,-110,-110,,,,
1773038739.202348,RX,IMU,-4668,-6092,32767,-1738,-4376,-334
1773038739.220452,RX,ODOM,-110,-110,,,,
1773038739.222276,RX,IMU,-16508,-13940,20164,-1686,5264,29
1773038739.240207,RX,ODOM,-110,-111,,,,
1773038739.242051,RX,IMU,-13352,1116,32767,-1727,-4587,152
1773038739.243587,TX,VELOCITY,-300,-300,,,,
1773038739.260094,RX,ODOM,-110,-111,,,,
1773038739.261971,RX,IMU,22260,-1652,-2240,-788,2015,-290
1773038739.279954,RX,ODOM,-110,-110,,,,
1773038739.281811,RX,IMU,3744,8840,32767,-1050,559,-427
1773038739.299862,RX,ODOM,-110,-110,,,,
1773038739.301694,RX,IMU,-21016,1512,-800,-411,2316,467
1773038739.319879,RX,ODOM,-112,-110,,,,
1773038739.321562,RX,IMU,-448,5152,13080,-2337,98,432
1773038739.339661,RX,ODOM,-112,-109,,,,
1773038739.341468,RX,IMU,24764,-2316,-2956,865,-965,-1
1773038739.359522,RX,ODOM,-112,-110,,,,
1773038739.360557,TX,VELOCITY,-300,-300,,,,
1773038739.361363,RX,IMU,-7924,-5984,14636,403,2014,-1200
1773038739.371866,TX,VELOCITY,-300,-300,,,,
1773038739.379485,RX,ODOM,-112,-111,,,,
1773038739.381338,RX,IMU,9052,-18708,21048,-172,-269,-978
1773038739.399351,RX,ODOM,-110,-112,,,,
1773038739.401202,RX,IMU,-13824,-4156,20084,-277,1103,743
1773038739.419101,RX,ODOM,-110,-112,,,,
1773038739.420961,RX,IMU,11904,-1580,23784,278,-5437,-484
1773038739.439023,RX,ODOM,-112,-114,,,,
1773038739.458852,RX,ODOM,-112,-113,,,,
1773038739.460435,TX,VELOCITY,-300,-300,,,,
1773038739.460702,RX,IMU,-17312,6796,32767,-476,-6015,-909
1773038739.478762,RX,ODOM,-111,-113,,,,
1773038739.480594,RX,IMU,-9380,-11164,20772,185,2193,2
1773038739.498702,RX,ODOM,-111,-114,,,,
1773038739.500514,RX,IMU,-7004,1688,19956,-228,-347,-523
1773038739.518509,RX,ODOM,-112,-112,,,,
1773038739.520340,RX,IMU,-20116,-5156,708,-972,3982,-740
1773038739.538461,RX,ODOM,-110,-113,,,,
1773038739.540318,RX,IMU,-15152,10092,8876,202,490,-176
1773038739.558340,RX,ODOM,-110,-113,,,,
1773038739.560096,RX,IMU,16828,-4820,-8368,1518,1319,-1077
1773038739.572046,TX,VELOCITY,-300,-300,,,,
1773038739.575043,TX,VELOCITY,-300,-300,,,,
1773038739.579490,RX,ODOM,-118,-119,,,,
1773038739.581292,RX,IMU,928,4860,5704,365,-783,186
1773038739.599037,RX,ODOM,-108,-110,,,,
1773038739.600907,RX,IMU,32767,-7820,1416,172,-2760,9
1773038739.618933,RX,ODOM,-108,-110,,,,
1773038739.620791,RX,IMU,-3992,-7960,8848,-699,1228,307
1773038739.638785,RX,ODOM,-109,-110,,,,
1773038739.640620,RX,IMU,-8636,-124,32767,369,-9035,-1275
1773038739.658759,RX,ODOM,-109,-109,,,,
1773038739.660564,RX,IMU,-7696,-12896,17600,-476,1894,-324
1773038739.678560,RX,ODOM,-108,-110,,,,
1773038739.680419,RX,IMU,-10272,8480,32767,-800,-5128,-367
1773038739.687160,TX,VELOCITY,-300,-300,,,,
1773038739.698441,RX,ODOM,-107,-110,,,,
1773038739.700291,RX,IMU,-12300,-13156,17740,-1464,2156,-39
1773038739.718389,RX,ODOM,-107,-109,,,,
1773038739.720279,RX,IMU,1692,7148,29044,-2160,830,-213
1773038739.738276,RX,ODOM,-109,-109,,,,
1773038739.758101,RX,ODOM,-109,-110,,,,
1773038739.760081,RX,IMU,-9512,-3396,20336,-361,-106,-519
1773038739.771883,TX,VELOCITY,-300,-300,,,,
1773038739.779264,RX,ODOM,-116,-118,,,,
1773038739.781240,RX,IMU,10008,5056,-11388,253,-2473,-138
1773038739.792336,TX,VELOCITY,-300,-300,,,,
1773038739.799760,RX,ODOM,-110,-112,,,,
1773038739.801576,RX,IMU,-3464,7032,10004,-1014,-303,-47
1773038739.818818,RX,ODOM,-104,-105,,,,
1773038739.820668,RX,IMU,-8872,-12664,32767,203,-3723,-1032
1773038739.838698,RX,ODOM,-108,-111,,,,
1773038739.840532,RX,IMU,-9056,-8424,10724,133,4124,88
1773038739.858757,RX,ODOM,-106,-111,,,,
1773038739.860427,RX,IMU,-7008,2692,32767,67,-6207,-929
1773038739.878510,RX,ODOM,-108,-111,,,,
1773038739.880347,RX,IMU,-2060,-2832,17208,745,-2925,-166
1773038739.898335,RX,ODOM,-108,-112,,,,
1773038739.900182,RX,IMU,18188,10236,14364,-1488,-1294,421
1773038739.901135,TX,VELOCITY,-300,-300,,,,
1773038739.918221,RX,ODOM,-110,-110,,,,
1773038739.920144,RX,IMU,16660,-2500,-48,-274,1512,-829
1773038739.938272,RX,ODOM,-110,-112,,,,
1773038739.940091,RX,IMU,32767,-6788,-17696,179,-6559,-994
1773038739.958079,RX,ODOM,-110,-110,,,,
1773038739.959881,RX,IMU,-15008,-1664,32767,-1717,1542,-229
1773038739.971861,TX,VELOCITY,-300,-300,,,,
1773038739.979233,RX,ODOM,-119,-119,,,,
1773038739.981225,RX,IMU,2184,-4836,16316,-745,704,-154
1773038739.998946,RX,ODOM,-109,-109,,,,
1773038740.006496,TX,VELOCITY,-300,-300,,,,
1773038740.018694,RX,ODOM,-108,-110,,,,
1773038740.020526,RX,IMU,-7096,-13596,17052,-931,4555,-570
1773038740.038565,RX,ODOM,-108,-108,,,,
1773038740.040453,RX,IMU,11292,10064,12292,-1152,2328,643
1773038740.058514,RX,ODOM,-108,-108,,,,
1773038740.078274,RX,ODOM,-110,-108,,,,
1773038740.080201,RX,IMU,-2176,6964,4848,713,-220,106
1773038740.098156,RX,ODOM,-110,-110,,,,
1773038740.100034,RX,IMU,-12688,10652,32767,-822,-544,-119
1773038740.118268,TX,VELOCITY,-300,-300,,,,
1773038740.118495,RX,ODOM,-112,-110,,,,
1773038740.119886,RX,IMU,-8084,-12460,13700,-977,1112,217
1773038740.137961,RX,ODOM,-110,-109,,,,
1773038740.139799,RX,IMU,15160,15220,32767,-1128,316,-656
1773038740.157907,RX,ODOM,-110,-109,,,,
1773038740.159790,RX,IMU,-23384,2500,13116,-451,4086,-909
1773038740.171851,TX,VELOCITY,-300,-300,,,,
1773038740.179240,RX,ODOM,-119,-119,,,,
1773038740.181163,RX,IMU,18600,6892,-3212,-621,78,-445
1773038740.198667,RX,ODOM,-106,-107,,,,
1773038740.200451,RX,IMU,20172,-3528,-7888,635,-2594,-235
1773038740.218559,RX,ODOM,-109,-109,,,,
1773038740.220367,RX,IMU,32767,7684,-3712,-715,-1606,84
1773038740.227553,TX,VELOCITY,-300,-300,,,,
1773038740.238451,RX,ODOM,-108,-109,,,,
1773038740.240324,RX,IMU,-3132,8936,16208,-780,954,121
1773038740.258360,RX,ODOM,-108,-110,,,,
1773038740.260133,RX,IMU,-9504,-2020,-10876,1264,2091,-327
1773038740.278236,RX,ODOM,-109,-110,,,,
1773038740.280025,RX,IMU,4836,7140,-764,23,-1406,-590
1773038740.298095,RX,ODOM,-109,-110,,,,
1773038740.299920,RX,IMU,-3648,-732,-9432,1060,4259,-164
1773038740.317974,RX,ODOM,-110,-110,,,,
1773038740.319870,RX,IMU,1020,5624,7412,-518,145,235
1773038740.337815,RX,ODOM,-110,-110,,,,
1773038740.338558,TX,VELOCITY,-300,-300,,,,
1773038740.339729,RX,IMU,25336,-8200,816,509,-1837,-528
1773038740.357704,RX,ODOM,-110,-110,,,,
1773038740.359604,RX,IMU,-13320,-8208,26572,-743,1943,-278
1773038740.371869,TX,VELOCITY,-300,-300,,,,
1773038740.379338,RX,ODOM,-118,-119,,,,
1773038740.381216,RX,IMU,-13048,-10488,32767,-410,-7653,-856
1773038740.398476,RX,ODOM,-105,-105,,,,
1773038740.400328,RX,IMU,240,-5504,17268,-150,-1021,141
1773038740.418357,RX,ODOM,-108,-109,,,,
1773038740.420279,RX,IMU,10020,7876,8856,-835,2457,-224
1773038740.438297,RX,ODOM,-109,-109,,,,
1773038740.440131,RX,IMU,-9080,4928,32767,-769,-3942,-275
1773038740.447218,TX,VELOCITY,-300,-300,,,,
1773038740.458173,RX,ODOM,-108,-108,,,,
1773038740.460014,RX,IMU,4360,6044,2680,165,-2046,636
1773038740.478008,RX,ODOM,-108,-110,,,,
1773038740.479870,RX,IMU,4192,3100,8788,664,-683,-375
1773038740.497945,RX,ODOM,-108,-108,,,,
1773038740.499765,RX,IMU,8556,5136,8444,-704,1728,-374
1773038740.517789,RX,ODOM,-110,-110,,,,
1773038740.519679,RX,IMU,-10284,-4012,32767,-62,-3929,-375
1773038740.537659,RX,ODOM,-108,-109,,,,
1773038740.539524,RX,IMU,-11428,-6920,19804,476,-1360,-549
1773038740.557645,RX,ODOM,-110,-111,,,,
1773038740.559143,TX,VELOCITY,-300,-300,,,,
1773038740.559572,RX,IMU,-7152,1000,32767,-44,722,-1339
1773038740.571849,TX,VELOCITY,-300,-300,,,,
1773038740.579287,RX,ODOM,-119,-121,,,,
1773038740.581193,RX,IMU,1496,92,18432,-501,5882,-336
1773038740.598382,RX,ODOM,-105,-107,,,,
1773038740.600633,RX,IMU,4596,5272,20996,-1684,5071,1052
1773038740.618271,RX,ODOM,-110,-111,,,,
1773038740.620147,RX,IMU,-20332,2924,388,40,3678,431
1773038740.638218,RX,ODOM,-111,-110,,,,
1773038740.640056,RX,IMU,864,10920,5288,25,-96,231
1773038740.658131,RX,ODOM,-111,-110,,,,
1773038740.659917,RX,IMU,24580,-10212,3024,495,-949,-118
1773038740.668981,TX,VELOCITY,-300,-300,,,,
1773038740.677964,RX,ODOM,-110,-110,,,,
1773038740.679811,RX,IMU,16936,7836,-6380,241,3959,3
1773038740.697839,RX,ODOM,-110,-110,,,,
1773038740.699784,RX,IMU,-6280,-5440,32767,-827,-3534,-209
1773038740.717705,RX,ODOM,-111,-110,,,,
1773038740.719613,RX,IMU,-352,-6664,5624,-54,1648,192
1773038740.737733,RX,ODOM,-111,-110,,,,
1773038740.739484,RX,IMU,-632,5152,5396,-314,-1380,-106
1773038740.757542,RX,ODOM,-111,-110,,,,
1773038740.771881,TX,VELOCITY,-300,-300,,,,
1773038740.772946,TX,VELOCITY,-300,-300,,,,
1773038740.779400,RX,ODOM,-121,-120,,,,
1773038740.781146,RX,IMU,-5132,10020,32767,-629,1264,-174
1773038740.798404,RX,ODOM,-106,-105,,,,
1773038740.800169,RX,IMU,5628,-2480,3692,940,-820,-552
1773038740.818278,RX,ODOM,-111,-110,,,,
1773038740.820106,RX,IMU,-5772,684,6656,-566,4154,701
1773038740.838215,RX,ODOM,-111,-110,,,,
1773038740.840032,RX,IMU,15472,-7976,23196,-682,-7104,124
1773038740.858100,RX,ODOM,-111,-109,,,,
1773038740.859922,RX,IMU,-15292,-3500,25364,1470,-3678,382
1773038740.878025,RX,ODOM,-111,-110,,,,
1773038740.879838,RX,IMU,-16904,5084,32767,1000,-4884,-880
1773038740.885502,TX,VELOCITY,-300,-300,,,,
1773038740.897815,RX,ODOM,-110,-110,,,,
1773038740.899628,RX,IMU,18188,4512,-25328,986,2988,-768
1773038740.917678,RX,ODOM,-108,-108,,,,
1773038740.919612,RX,IMU,-10556,1800,9392,-74,508,1216
1773038740.940982,RX,ODOM,-128,-127,,,,
1773038740.942887,RX,IMU,-4536,-1000,20036,-1030,-510,715
1773038740.960487,RX,ODOM,-108,-106,,,,
1773038740.962331,RX,IMU,13744,7188,4400,-1652,-2065,-1029
1773038740.971868,TX,VELOCITY,-300,-300,,,,
1773038740.980377,RX,ODOM,-110,-108,,,,
1773038740.995861,TX,VELOCITY,-300,-300,,,,
1773038741.003304,RX,ODOM,-126,-124,,,,
1773038741.005159,RX,IMU,11180,6440,-8532,499,1323,-511
1773038741.023167,RX,ODOM,-109,-107,,,,
1773038741.025025,RX,IMU,26592,-9824,-1720,798,-1119,492
1773038741.043002,RX,ODOM,-109,-106,,,,
1773038741.062959,RX,ODOM,-107,-106,,,,
1773038741.064802,RX,IMU,-20504,448,32767,-595,-3249,325
1773038741.082909,RX,ODOM,-108,-105,,,,
1773038741.084754,RX,IMU,-25748,-3236,16260,-873,1340,-997
1773038741.102689,RX,ODOM,-109,-108,,,,
1773038741.104569,RX,IMU,-2496,3640,12616,-747,-1880,-420
1773038741.105598,TX,VELOCITY,-300,-300,,,,
1773038741.122585,RX,ODOM,-108,-108,,,,
1773038741.124462,RX,IMU,-796,-7932,9644,-2,-1889,94
1773038741.142559,RX,ODOM,-108,-108,,,,
1773038741.144385,RX,IMU,-17332,-9864,15576,-1503,2892,716
1773038741.162472,RX,ODOM,-108,-108,,,,
1773038741.171859,TX,VELOCITY,-300,-300,,,,
1773038741.182361,RX,ODOM,-110,-109,,,,
1773038741.184208,RX,IMU,-19408,-6968,17468,-118,5670,-728
1773038741.202284,RX,ODOM,-109,-108,,,,
1773038741.204111,RX,IMU,-688,6168,14980,-894,-1243,22
1773038741.214540,TX,VELOCITY,-300,-300,,,,
1773038741.222097,RX,ODOM,-109,-108,,,,
1773038741.223970,RX,IMU,11844,-5444,16388,35,-4877,566
1773038741.241973,RX,ODOM,-108,-108,,,,
1773038741.243800,RX,IMU,6344,-6616,11296,-676,-990,283
1773038741.261791,RX,ODOM,-110,-109,,,,
1773038741.263673,RX,IMU,1456,12340,32767,-210,1687,345
1773038741.281727,RX,ODOM,-108,-109,,,,
1773038741.283706,RX,IMU,-18932,1780,3796,745,3858,49
1773038741.301646,RX,ODOM,-109,-109,,,,
1773038741.303560,RX,IMU,-2296,1168,1920,-1670,1185,78
1773038741.321644,RX,ODOM,-110,-109,,,,
1773038741.323513,RX,IMU,12620,-5644,-7520,382,-342,-204
1773038741.325521,TX,VELOCITY,-300,-300,,,,
1773038741.341439,RX,ODOM,-111,-109,,,,
1773038741.343381,RX,IMU,-12316,-2484,18668,-1215,2092,28
1773038741.361338,RX,ODOM,-111,-108,,,,
1773038741.371908,TX,VELOCITY,-300,-300,,,,
1773038741.381234,RX,ODOM,-111,-109,,,,
1773038741.401293,RX,ODOM,-110,-109,,,,
1773038741.403008,RX,IMU,10036,5520,6092,80,-2037,-551
1773038741.421023,RX,ODOM,-110,-110,,,,
1773038741.422913,RX,IMU,-5616,-9852,32767,-119,-3077,62
1773038741.431433,TX,VELOCITY,-300,-300,,,,
1773038741.444076,RX,ODOM,-127,-126,,,,
1773038741.445946,RX,IMU,8608,13976,32767,-1378,446,791
1773038741.463882,RX,ODOM,-110,-108,,,,
1773038741.465691,RX,IMU,-19344,-2736,5552,-770,5774,1210
1773038741.483809,RX,ODOM,-111,-109,,,,
1773038741.485578,RX,IMU,-7680,9872,32767,-476,-2343,120
1773038741.503597,RX,ODOM,-112,-109,,,,
1773038741.505484,RX,IMU,21264,3228,-19900,1107,-112,-558
1773038741.523576,RX,ODOM,-113,-109,,,,
1773038741.525344,RX,IMU,4388,3832,1884,-131,-3906,439
1773038741.539820,TX,VELOCITY,-300,-300,,,,
1773038741.547239,RX,ODOM,-135,-131,,,,
1773038741.549181,RX,IMU,2096,5336,5084,-497,-1795,12
1773038741.566270,RX,ODOM,-108,-104,,,,
1773038741.568140,RX,IMU,-7300,-908,32767,-1442,-1287,-453
1773038741.571840,TX,VELOCITY,-300,-300,,,,
1773038741.586172,RX,ODOM,-112,-110,,,,
1773038741.606192,RX,ODOM,-110,-108,,,,
1773038741.607930,RX,IMU,-5680,7636,14512,-628,-3205,229
1773038741.626077,RX,ODOM,-112,-110,,,,
1773038741.627845,RX,IMU,18872,-8360,11864,1455,-7346,-454
1773038741.645949,RX,ODOM,-110,-109,,,,
1773038741.647847,RX,IMU,-7176,-424,14796,564,-774,507
1773038741.650722,TX,VELOCITY,-300,-300,,,,
1773038741.665886,RX,ODOM,-110,-111,,,,
1773038741.667840,RX,IMU,11068,-6544,28584,222,-4404,-640
1773038741.685776,RX,ODOM,-110,-110,,,,
1773038741.687565,RX,IMU,-20948,-4348,18684,-85,1790,118
1773038741.705623,RX,ODOM,-110,-110,,,,
1773038741.707535,RX,IMU,-9700,5008,32767,-708,-2509,-236
1773038741.725542,RX,ODOM,-110,-110,,,,
1773038741.745388,RX,ODOM,-111,-110,,,,
1773038741.759890,TX,VELOCITY,-300,-300,,,,
1773038741.767338,RX,ODOM,-123,-122,,,,
1773038741.769117,RX,IMU,-256,7448,10024,-680,-3279,-230
1773038741.771963,TX,VELOCITY,-300,-300,,,,
1773038741.787248,RX,ODOM,-111,-110,,,,
1773038741.789065,RX,IMU,-13924,-2500,32767,-1084,-5768,-59
1773038741.807182,RX,ODOM,-111,-109,,,,
1773038741.808941,RX,IMU,-8496,-7352,12368,-237,1990,1131
1773038741.827071,RX,ODOM,-110,-109,,,,
1773038741.828806,RX,IMU,-10164,-10856,32767,375,-6025,-10
1773038741.846991,RX,ODOM,-111,-110,,,,
1773038741.848760,RX,IMU,-20600,-9672,19556,998,2146,409
1773038741.866770,RX,ODOM,-111,-110,,,,
1773038741.868621,RX,IMU,25324,-188,16328,856,-6555,547
1773038741.869290,TX,VELOCITY,-300,-300,,,,
1773038741.886761,RX,ODOM,-112,-110,,,,
1773038741.888555,RX,IMU,-4524,504,13312,-572,758,1517
1773038741.906747,RX,ODOM,-112,-110,,,,
1773038741.908500,RX,IMU,-18696,-1028,32767,-1668,-5162,-325
1773038741.926583,RX,ODOM,-112,-109,,,,
1773038741.928332,RX,IMU,-6852,-2368,9760,549,1212,-102
1773038741.946355,RX,ODOM,-114,-110,,,,
1773038741.948273,RX,IMU,-15184,-6420,32767,-155,988,-384
1773038741.966399,RX,ODOM,-112,-111,,,,
1773038741.971846,TX,VELOCITY,-300,-300,,,,
1773038741.979525,TX,VELOCITY,-300,-300,,,,
1773038741.986876,RX,ODOM,-116,-116,,,,
1773038741.988728,RX,IMU,-6068,-3684,32767,341,-3110,394
1773038742.006083,RX,ODOM,-108,-109,,,,
1773038742.007934,RX,IMU,-8660,-3532,1932,-130,1031,917
1773038742.026096,RX,ODOM,-112,-111,,,,
1773038742.027869,RX,IMU,-10728,6308,12532,-840,554,800
1773038742.045908,RX,ODOM,-112,-110,,,,
1773038742.047799,RX,IMU,11008,1532,13648,-349,291,239
1773038742.065839,RX,ODOM,-113,-111,,,,
1773038742.067687,RX,IMU,5540,2212,14236,283,-205,-544
1773038742.085234,TX,VELOCITY,-300,-300,,,,
1773038742.085728,RX,ODOM,-113,-110,,,,
1773038742.087604,RX,IMU,-4520,-804,18180,248,1673,-303
1773038742.105642,RX,ODOM,-112,-111,,,,
1773038742.107530,RX,IMU,7936,128,11776,513,500,-652
1773038742.125481,RX,ODOM,-110,-109,,,,
1773038742.127361,RX,IMU,8532,-9444,25428,-1112,-4980,210
1773038742.145486,RX,ODOM,-110,-109,,,,
1773038742.147330,RX,IMU,-8072,3224,13492,-175,2629,1487
1773038742.165340,RX,ODOM,-111,-110,,,,
1773038742.167181,RX,IMU,-11192,6300,32767,-738,-414,64
1773038742.171853,TX,VELOCITY,-300,-300,,,,
1773038742.185321,RX,ODOM,-111,-109,,,,
1773038742.187078,RX,IMU,-15940,-13460,14676,673,1658,-668
1773038742.197445,TX,VELOCITY,-300,-300,,,,
1773038742.205142,RX,ODOM,-112,-109,,,,
1773038742.207026,RX,IMU,11232,6536,22532,-1020,3146,306
1773038742.225001,RX,ODOM,-112,-110,,,,
1773038742.226884,RX,IMU,-27504,-8708,13816,-1117,3771,982
1773038742.244901,RX,ODOM,-112,-109,,,,
1773038742.246888,RX,IMU,10704,8068,-5660,-1276,928,-286
1773038742.264842,RX,ODOM,-112,-109,,,,
1773038742.266786,RX,IMU,8012,-10940,3960,1149,-1421,-1163
1773038742.284785,RX,ODOM,-111,-110,,,,
1773038742.286591,RX,IMU,12756,3876,8120,600,-2394,-284
1773038742.304655,RX,ODOM,-109,-111,,,,
1773038742.306494,RX,IMU,-9552,-11764,32767,180,-4780,22
1773038742.307974,TX,VELOCITY,-300,-300,,,,
1773038742.324529,RX,ODOM,-110,-111,,,,
1773038742.326502,RX,IMU,-6352,-4576,22240,-31,578,363
1773038742.344410,RX,ODOM,-110,-110,,,,
1773038742.346319,RX,IMU,44,8188,18896,-183,1503,-513
1773038742.364404,RX,ODOM,-110,-110,,,,
1773038742.366245,RX,IMU,-12440,-768,2240,266,450,-825
1773038742.371893,TX,VELOCITY,-300,-300,,,,
1773038742.384331,RX,ODOM,-110,-112,,,,
1773038742.386056,RX,IMU,1056,4292,9328,-385,4,-372
1773038742.404163,RX,ODOM,-108,-109,,,,
1773038742.406026,RX,IMU,-8556,-12488,32767,-536,-7661,308
1773038742.414707,TX,VELOCITY,-300,-300,,,,
1773038742.423621,TX,VELOCITY,0,0,,,,
1773038742.424036,RX,ODOM,-106,-109,,,,
1773038742.425958,RX,IMU,-19292,-8436,29716,-150,2710,-205
1773038742.443877,RX,ODOM,-104,-106,,,,
1773038742.445898,RX,IMU,14468,7728,26152,-1086,1360,-280
1773038742.463874,RX,ODOM,-98,-100,,,,
1773038742.465753,RX,IMU,20496,112,-2884,-814,-1689,461
1773038742.483795,RX,ODOM,-93,-94,,,,
1773038742.485711,RX,IMU,-7464,-5932,18508,-2077,1429,1132
1773038742.503685,RX,ODOM,-91,-89,,,,
1773038742.505493,RX,IMU,5884,5456,21152,-1760,897,-45
1773038742.510337,TX,VELOCITY,300,300,,,,
1773038742.523520,RX,ODOM,-88,-85,,,,
1773038742.525405,RX,IMU,612,4780,8764,-1397,-645,-759
1773038742.543475,RX,ODOM,-64,-62,,,,
1773038742.545360,RX,IMU,6104,6056,12524,-104,-2383,-1579
1773038742.563267,RX,ODOM,-26,-26,,,,
1773038742.565247,RX,IMU,936,3236,23780,656,402,-1657
1773038742.571877,TX,VELOCITY,300,300,,,,
1773038742.583453,RX,ODOM,-3,-4,,,,
1773038742.585074,RX,IMU,-472,312,27820,999,-672,-1563
1773038742.603070,RX,ODOM,9,8,,,,
1773038742.604969,RX,IMU,2724,536,17536,-118,835,-964
1773038742.623078,RX,ODOM,20,17,,,,
1773038742.624899,RX,IMU,3184,20,17548,-1418,-173,-495
1773038742.625511,TX,VELOCITY,300,300,,,,
1773038742.642898,RX,ODOM,25,24,,,,
1773038742.645030,RX,IMU,4092,1100,17764,-1436,-156,-884
1773038742.662799,RX,ODOM,29,31,,,,
1773038742.683545,RX,ODOM,34,38,,,,
1773038742.685037,RX,IMU,4020,-2612,20744,415,383,-1955
1773038742.702610,RX,ODOM,38,40,,,,
1773038742.704429,RX,IMU,1648,-3760,18668,904,42,334
1773038742.722754,RX,ODOM,47,44,,,,
1773038742.727286,TX,VELOCITY,300,300,,,,
1773038742.742460,RX,ODOM,51,50,,,,
1773038742.744313,RX,IMU,488,-352,15200,401,-223,873
1773038742.762302,RX,ODOM,54,54,,,,
1773038742.764211,RX,IMU,-10448,-9444,17648,164,2757,1128
1773038742.771825,TX,VELOCITY,300,300,,,,
1773038742.782207,RX,ODOM,54,59,,,,
1773038742.784082,RX,IMU,3956,2160,13992,109,-356,1108
1773038742.802099,RX,ODOM,56,62,,,,
1773038742.803899,RX,IMU,5044,2376,17644,848,-2130,460
1773038742.821994,RX,ODOM,58,65,,,,
1773038742.823801,RX,IMU,-1952,-3820,17944,-1096,2022,446
1773038742.837790,TX,VELOCITY,300,300,,,,
1773038742.845197,RX,ODOM,72,78,,,,
1773038742.847042,RX,IMU,5132,-3152,13312,116,-1129,887
1773038742.864754,RX,ODOM,64,68,,,,
1773038742.866818,RX,IMU,-18528,-9140,22504,-512,4639,993
1773038742.884615,RX,ODOM,67,70,,,,
1773038742.886587,RX,IMU,4280,2020,19420,660,-194,1233
1773038742.904523,RX,ODOM,67,72,,,,
1773038742.906366,RX,IMU,-1912,-11164,16772,-568,1236,1455
1773038742.924486,RX,ODOM,70,74,,,,
1773038742.926400,RX,IMU,284,-12,15436,-465,692,1742
1773038742.944384,RX,ODOM,69,77,,,,
1773038742.948671,TX,VELOCITY,300,300,,,,
1773038742.964149,RX,ODOM,69,79,,,,
1773038742.966035,RX,IMU,4860,5020,20468,21,-293,854
1773038742.971807,TX,VELOCITY,300,300,,,,
1773038742.984066,RX,ODOM,71,80,,,,
1773038742.985998,RX,IMU,-208,4580,5088,115,21,167
1773038743.004082,RX,ODOM,74,80,,,,
1773038743.005764,RX,IMU,-4076,-3968,12436,-1090,-543,1484
1773038743.023880,RX,ODOM,77,80,,,,
1773038743.043705,RX,ODOM,77,80,,,,
1773038743.045639,RX,IMU,2176,4248,11412,-242,-465,1826
1773038743.063607,RX,ODOM,77,84,,,,
1773038743.065562,RX,IMU,2620,1348,16396,601,432,1413
1773038743.071491,TX,VELOCITY,300,300,,,,
1773038743.083454,RX,ODOM,76,84,,,,
1773038743.085419,RX,IMU,-15852,-332,16704,583,-19,1631
1773038743.103469,RX,ODOM,78,86,,,,
1773038743.105282,RX,IMU,-572,1372,32767,-1340,925,2436
1773038743.123260,RX,ODOM,79,87,,,,
1773038743.143234,RX,ODOM,79,88,,,,
1773038743.145106,RX,IMU,7516,-1464,8268,-1349,916,512
1773038743.163145,RX,ODOM,80,87,,,,
1773038743.163724,TX,VELOCITY,300,300,,,,
1773038743.164937,RX,IMU,5672,944,8244,-816,504,1701
1773038743.171912,TX,VELOCITY,300,300,,,,
1773038743.183075,RX,ODOM,82,88,,,,
1773038743.184917,RX,IMU,12680,-1284,12500,-902,-1804,1291
1773038743.202896,RX,ODOM,81,86,,,,
1773038743.204736,RX,IMU,-11084,-3160,14972,498,-1727,621
1773038743.222866,RX,ODOM,83,88,,,,
1773038743.224691,RX,IMU,-3396,-13432,7852,-1550,6493,1279
1773038743.242791,RX,ODOM,82,86,,,,
1773038743.244571,RX,IMU,7328,-32,15264,774,-2060,1738
1773038743.262622,RX,ODOM,83,88,,,,
1773038743.264468,RX,IMU,-884,-3040,12908,-734,-456,1073
1773038743.275365,TX,VELOCITY,300,300,,,,
1773038743.282852,RX,ODOM,83,88,,,,
1773038743.284738,RX,IMU,-5544,-340,8764,-383,707,1105
1773038743.302503,RX,ODOM,82,86,,,,
1773038743.304323,RX,IMU,4136,924,8856,-797,-2667,943
1773038743.322284,RX,ODOM,83,90,,,,
1773038743.324231,RX,IMU,4352,-288,6948,-899,-2248,1086
1773038743.342260,RX,ODOM,84,89,,,,
1773038743.344110,RX,IMU,5580,-996,7572,-989,122,1295
1773038743.362165,RX,ODOM,84,90,,,,
1773038743.364000,RX,IMU,-5480,2144,32767,-324,1671,1106
1773038743.371809,TX,VELOCITY,300,300,,,,
1773038743.382037,RX,ODOM,83,90,,,,
1773038743.383976,RX,IMU,6412,-1340,23520,435,1056,563
1773038743.384731,TX,VELOCITY,300,300,,,,
1773038743.401904,RX,ODOM,82,89,,,,
1773038743.403814,RX,IMU,-9892,-180,25888,-812,1599,1004
1773038743.421915,RX,ODOM,85,88,,,,
1773038743.423750,RX,IMU,5440,5216,21604,-653,-327,2042
1773038743.441771,RX,ODOM,85,90,,,,
1773038743.443634,RX,IMU,176,-1720,18636,-453,-937,635
1773038743.461615,RX,ODOM,84,90,,,,
1773038743.463561,RX,IMU,1912,-3416,7840,-303,-575,279
1773038743.481510,RX,ODOM,87,92,,,,
1773038743.493122,TX,VELOCITY,420,180,,,,
1773038743.501430,RX,ODOM,88,90,,,,
1773038743.503363,RX,IMU,-3028,-2368,8320,-46,1014,1143
1773038743.521303,RX,ODOM,92,90,,,,
1773038743.523130,RX,IMU,4220,-108,9256,496,-2064,597
1773038743.541230,RX,ODOM,96,86,,,,
1773038743.543190,RX,IMU,-3864,3612,16568,1263,-2876,-974
1773038743.561230,RX,ODOM,99,83,,,,
1773038743.562972,RX,IMU,1824,-204,11792,1145,-923,-1527
1773038743.571887,TX,VELOCITY,420,180,,,,
1773038743.581003,RX,ODOM,102,81,,,,
1773038743.582942,RX,IMU,1680,2992,22672,954,-2456,-1594
1773038743.601015,RX,ODOM,106,80,,,,
1773038743.602851,RX,IMU,-824,244,14328,-327,743,-4756
1773038743.603559,TX,VELOCITY,300,300,,,,
1773038743.603845,TX,VELOCITY,300,300,,,,
1773038743.620835,RX,ODOM,108,78,,,,
1773038743.622636,RX,IMU,-3416,9412,5344,-462,2892,-6028
1773038743.640841,RX,ODOM,106,80,,,,
1773038743.642670,RX,IMU,-680,-5164,12720,-323,1809,-4960
1773038743.660705,RX,ODOM,104,82,,,,
1773038743.662502,RX,IMU,-116,-2016,7284,-329,3278,-3734
1773038743.680512,RX,ODOM,103,81,,,,
1773038743.682568,RX,IMU,12744,-3412,11740,-400,1533,-2984
1773038743.700488,RX,ODOM,101,83,,,,
1773038743.702299,RX,IMU,5440,-2396,11148,126,2932,-2653
1773038743.712623,TX,VELOCITY,300,300,,,,
1773038743.720283,RX,ODOM,101,84,,,,
1773038743.740242,RX,ODOM,99,86,,,,
1773038743.742106,RX,IMU,-1200,3940,5132,-536,4378,-932
1773038743.760173,RX,ODOM,99,86,,,,
1773038743.762016,RX,IMU,16840,-340,32392,-1807,-1505,-531
1773038743.771842,TX,VELOCITY,300,300,,,,
1773038743.779949,RX,ODOM,96,89,,,,
1773038743.781814,RX,IMU,-32768,-884,30612,140,-5302,-863
1773038743.799960,RX,ODOM,95,90,,,,
1773038743.801803,RX,IMU,-8264,-13080,15036,-548,4368,-1425
1773038743.819758,RX,ODOM,96,89,,,,
1773038743.821355,TX,VELOCITY,300,300,,,,
1773038743.821566,RX,IMU,-3100,-80,10196,-541,4313,38
1773038743.839610,RX,ODOM,96,90,,,,
1773038743.841417,RX,IMU,-15808,5868,14088,142,2869,-668
1773038743.859486,RX,ODOM,95,91,,,,
1773038743.861376,RX,IMU,-10884,5084,16024,400,484,-1648
1773038743.879369,RX,ODOM,95,91,,,,
1773038743.881200,RX,IMU,-10344,1408,14228,-171,-874,-475
1773038743.899234,RX,ODOM,97,92,,,,
1773038743.901103,RX,IMU,-5328,980,10608,-1093,-468,90
1773038743.919174,RX,ODOM,96,91,,,,
1773038743.921092,RX,IMU,2408,-1084,11120,-99,-1376,-864
1773038743.936982,TX,VELOCITY,300,300,,,,
1773038743.944391,RX,ODOM,121,117,,,,
1773038743.946335,RX,IMU,-18156,8692,17264,633,-6754,-591
1773038743.964004,RX,ODOM,93,90,,,,
1773038743.965767,RX,IMU,-32768,1524,32767,674,-3483,192
1773038743.971833,TX,VELOCITY,300,300,,,,
1773038743.983926,RX,ODOM,94,90,,,,
1773038743.985732,RX,IMU,-15412,7340,19848,741,-6932,-486
1773038744.003717,RX,ODOM,93,90,,,,
1773038744.005615,RX,IMU,-784,6752,11024,0,-6416,79
1773038744.023649,RX,ODOM,94,91,,,,
1773038744.025534,RX,IMU,-19984,9244,22132,176,-6655,-109
1773038744.043454,RX,ODOM,93,91,,,,
1773038744.045333,RX,IMU,-1516,10220,13196,129,-5904,-802
1773038744.063322,RX,ODOM,93,92,,,,
1773038744.065271,RX,IMU,-120,10340,8780,78,-6144,-739
1773038744.066243,TX,VELOCITY,300,300,,,,
1773038744.083290,RX,ODOM,92,90,,,,
1773038744.085104,RX,IMU,25612,4168,800,-207,-6664,-25
1773038744.103265,RX,ODOM,92,90,,,,
1773038744.105090,RX,IMU,30292,-1104,-308,-766,-5612,-626
1773038744.123119,RX,ODOM,95,92,,,,
1773038744.124867,RX,IMU,16056,9544,-1604,232,-8732,-1036
1773038744.142923,RX,ODOM,95,92,,,,
1773038744.144873,RX,IMU,27880,6608,3220,-190,-4667,-622
1773038744.154032,TX,VELOCITY,420,180,,,,
1773038744.163036,RX,ODOM,98,94,,,,
1773038744.164677,RX,IMU,26980,4648,1504,-187,-5526,-280
1773038744.171811,TX,VELOCITY,420,180,,,,
1773038744.182786,RX,ODOM,100,90,,,,
1773038744.215063,TX,VELOCITY,300,300,,,,
1773038744.266130,TX,VELOCITY,300,300,,,,
1773038744.288662,RX,ODOM,596,443,,,,
1773038744.367174,TX,VELOCITY,300,300,,,,
1773038744.371781,TX,VELOCITY,300,300,,,,
1773038744.395068,RX,ODOM,124,-29,,,,
1773038744.477046,TX,VELOCITY,300,300,,,,
1773038744.501519,RX,ODOM,-232,128,,,,
1773038744.571845,TX,VELOCITY,300,300,,,,
1773038744.587734,TX,VELOCITY,300,300,,,,
1773038744.613460,RX,ODOM,317,230,,,,
1773038744.693563,TX,VELOCITY,300,300,,,,
1773038744.719476,RX,ODOM,53,-292,,,,
1773038744.771870,TX,VELOCITY,300,300,,,,
1773038744.804651,TX,VELOCITY,300,300,,,,
1773038744.816549,TX,VELOCITY,0,0,,,,
1773038744.825902,RX,ODOM,-166,34,,,,
1773038744.894783,TX,VELOCITY,300,300,,,,
1773038744.932276,RX,ODOM,339,422,,,,
1773038744.971806,TX,VELOCITY,300,300,,,,
1773038744.995170,TX,VELOCITY,300,300,,,,
1773038745.038698,RX,ODOM,93,-48,,,,
1773038745.106217,TX,VELOCITY,300,300,,,,
1773038745.150624,RX,ODOM,-184,158,,,,
1773038745.171846,TX,VELOCITY,300,300,,,,
1773038745.213372,TX,VELOCITY,300,300,,,,
1773038745.231609,TX,VELOCITY,0,0,,,,
1773038745.256400,RX,ODOM,326,115,,,,
1773038745.357270,RX,ODOM,46,-135,,,,
1773038745.371806,TX,VELOCITY,0,0,,,,
1773038745.463323,RX,ODOM,-123,274,,,,
1773038745.564126,RX,ODOM,3,411,,,,
1773038745.571812,TX,VELOCITY,0,0,,,,
1773038745.675524,RX,ODOM,1,284,,,,
1773038745.771821,TX,VELOCITY,0,0,,,,
1773038745.781428,RX,ODOM,-1,175,,,,
1773038745.882422,RX,ODOM,0,68,,,,
1773038745.971805,TX,VELOCITY,0,0,,,,
1773038745.988451,RX,ODOM,0,0,,,,
1773038746.042177,TX,VELOCITY,300,300,,,,
1773038746.094952,RX,ODOM,0,0,,,,
1773038746.148721,TX,VELOCITY,420,180,,,,
1773038746.171717,TX,VELOCITY,420,180,,,,
1773038746.206808,RX,ODOM,173,136,,,,
1773038746.260390,TX,VELOCITY,420,180,,,,
1773038746.312764,RX,ODOM,-143,-158,,,,
1773038746.367328,TX,VELOCITY,420,180,,,,
1773038746.371740,TX,VELOCITY,420,180,,,,
1773038746.419240,RX,ODOM,88,76,,,,
1773038746.479010,TX,VELOCITY,420,180,,,,
1773038746.525548,RX,ODOM,323,174,,,,
1773038746.571830,TX,VELOCITY,420,180,,,,
1773038746.587879,TX,VELOCITY,420,180,,,,
1773038746.632059,RX,ODOM,-183,-311,,,,
1773038746.695613,TX,VELOCITY,420,180,,,,
1773038746.743889,RX,ODOM,83,0,,,,
1773038746.771964,TX,VELOCITY,420,180,,,,
1773038746.812474,TX,VELOCITY,420,180,,,,
1773038746.849840,RX,ODOM,334,364,,,,
1773038746.916541,TX,VELOCITY,420,180,,,,
1773038746.956330,RX,ODOM,-144,-97,,,,
1773038746.971796,TX,VELOCITY,420,180,,,,
1773038747.023163,TX,VELOCITY,420,180,,,,
1773038747.062795,RX,ODOM,91,98,,,,
1773038747.136520,TX,VELOCITY,420,180,,,,
1773038747.169153,RX,ODOM,327,82,,,,
1773038747.171778,TX,VELOCITY,420,180,,,,
1773038747.244307,TX,VELOCITY,420,180,,,,
1773038747.281040,RX,ODOM,-197,-211,,,,
1773038747.358870,TX,VELOCITY,420,180,,,,
1773038747.371742,TX,VELOCITY,420,180,,,,
1773038747.386985,RX,ODOM,74,145,,,,
1773038747.426153,TX,VELOCITY,152,-152,,,,
1773038747.459401,TX,VELOCITY,152,-152,,,,
1773038747.483453,TX,VELOCITY,0,0,,,,
1773038747.493378,RX,ODOM,325,-90,,,,
1773038747.571781,TX,VELOCITY,0,0,,,,
1773038747.599906,RX,ODOM,-187,-88,,,,
1773038747.700847,RX,ODOM,-343,42,,,,
1773038747.771806,TX,VELOCITY,0,0,,,,
1773038747.812153,RX,ODOM,-269,-1,,,,
1773038747.912652,RX,ODOM,-152,1,,,,
1773038747.955527,TX,VELOCITY,-300,-300,,,,
1773038747.971753,TX,VELOCITY,-300,-300,,,,
1773038748.018546,RX,ODOM,-76,0,,,,
1773038748.057486,TX,VELOCITY,-300,-300,,,,
1773038748.125075,RX,ODOM,11,-152,,,,
1773038748.164049,TX,VELOCITY,-300,-300,,,,
1773038748.171735,TX,VELOCITY,-300,-300,,,,
1773038748.231507,RX,ODOM,-166,195,,,,
1773038748.282506,TX,VELOCITY,-300,-300,,,,
1773038748.343390,RX,ODOM,189,-41,,,,
1773038748.371767,TX,VELOCITY,-300,-300,,,,
1773038748.381994,TX,VELOCITY,-300,-300,,,,
1773038748.449258,RX,ODOM,-44,-301,,,,
1773038748.478381,TX,VELOCITY,0,0,,,,
1773038748.555703,RX,ODOM,-318,191,,,,
1773038748.571764,TX,VELOCITY,0,0,,,,
1773038748.662211,RX,ODOM,-230,368,,,,
1773038748.763167,RX,ODOM,-122,174,,,,
1773038748.771779,TX,VELOCITY,0,0,,,,
1773038748.874524,RX,ODOM,-60,100,,,,
1773038748.971811,TX,VELOCITY,0,0,,,,
1773038748.980433,RX,ODOM,-3,8,,,,
1773038749.081371,RX,ODOM,0,0,,,,
1773038749.171782,TX,VELOCITY,0,0,,,,
1773038749.186366,TX,VELOCITY,300,300,,,,
1773038749.187397,RX,ODOM,0,0,,,,
1773038749.277769,TX,VELOCITY,420,180,,,,
1773038749.293729,RX,ODOM,0,0,,,,
1773038749.371788,TX,VELOCITY,420,180,,,,
1773038749.381887,TX,VELOCITY,420,180,,,,
1773038749.405644,RX,ODOM,158,137,,,,
1773038749.493477,TX,VELOCITY,420,180,,,,
1773038749.511590,RX,ODOM,-39,-159,,,,
1773038749.571788,TX,VELOCITY,420,180,,,,
1773038749.603133,TX,VELOCITY,420,180,,,,
1773038749.618157,RX,ODOM,195,70,,,,
1773038749.713682,TX,VELOCITY,420,180,,,,
1773038749.724552,RX,ODOM,-36,186,,,,
1773038749.771768,TX,VELOCITY,420,180,,,,
1773038749.819076,TX,VELOCITY,420,180,,,,
1773038749.831011,RX,ODOM,145,-290,,,,
1773038749.876245,TX,VELOCITY,152,-152,,,,
1773038749.876735,TX,VELOCITY,0,0,,,,
1773038749.942921,RX,ODOM,110,36,,,,
1773038749.971793,TX,VELOCITY,0,0,,,,
1773038750.048910,RX,ODOM,-330,76,,,,
1773038750.149849,RX,ODOM,-383,-96,,,,
1773038750.171781,TX,VELOCITY,0,0,,,,
1773038750.255876,RX,ODOM,-307,-64,,,,
1773038750.356801,RX,ODOM,-202,-18,,,,
1773038750.371804,TX,VELOCITY,0,0,,,,
1773038750.450597,TX,VELOCITY,300,300,,,,
1773038750.468331,RX,ODOM,-117,0,,,,
1773038750.565574,TX,VELOCITY,300,300,,,,
1773038750.571780,TX,VELOCITY,300,300,,,,
1773038750.574240,RX,ODOM,-40,0,,,,
1773038750.664878,TX,VELOCITY,300,300,,,,
1773038750.680744,RX,ODOM,379,116,,,,
1773038750.771797,TX,VELOCITY,300,300,,,,
1773038750.774573,TX,VELOCITY,300,300,,,,
1773038750.787208,RX,ODOM,111,21,,,,
1773038750.888273,RX,ODOM,-279,-13,,,,
1773038750.904310,TX,VELOCITY,300,300,,,,
1773038750.971746,TX,VELOCITY,300,300,,,,
1773038750.992750,TX,VELOCITY,300,300,,,,
1773038750.999672,RX,ODOM,122,204,,,,
1773038751.102794,TX,VELOCITY,300,300,,,,
1773038751.105652,RX,ODOM,146,-133,,,,
1773038751.171771,TX,VELOCITY,300,300,,,,
1773038751.212158,RX,ODOM,-330,61,,,,
1773038751.212232,TX,VELOCITY,300,300,,,,
1773038751.318663,RX,ODOM,15,284,,,,
1773038751.319628,TX,VELOCITY,0,0,,,,
1773038751.371767,TX,VELOCITY,0,0,,,,
1773038751.425160,RX,ODOM,422,-244,,,,
1773038751.531567,RX,ODOM,308,-340,,,,
1773038751.571781,TX,VELOCITY,0,0,,,,
1773038751.637989,RX,ODOM,163,-258,,,,
1773038751.738992,RX,ODOM,63,-144,,,,
1773038751.771759,TX,VELOCITY,0,0,,,,
1773038751.844964,RX,ODOM,3,-52,,,,
1773038751.945922,RX,ODOM,0,0,,,,
1773038751.971782,TX,VELOCITY,0,0,,,,
1773038752.057336,RX,ODOM,0,0,,,,
1773038752.157896,RX,ODOM,0,0,,,,
1773038752.163174,TX,VELOCITY,300,300,,,,
1773038752.171698,TX,VELOCITY,300,300,,,,
1773038752.260876,TX,VELOCITY,300,300,,,,
1773038752.263624,RX,ODOM,0,0,,,,
1773038752.367527,TX,VELOCITY,300,300,,,,
1773038752.370289,RX,ODOM,120,147,,,,
1773038752.371698,TX,VELOCITY,300,300,,,,
1773038752.476605,RX,ODOM,-10,-133,,,,
1773038752.478729,TX,VELOCITY,300,300,,,,
1773038752.571731,TX,VELOCITY,300,300,,,,
1773038752.588264,TX,VELOCITY,300,300,,,,
1773038752.588433,RX,ODOM,81,154,,,,
1773038752.694473,RX,ODOM,93,-52,,,,
1773038752.694474,TX,VELOCITY,300,300,,,,
1773038752.771741,TX,VELOCITY,300,300,,,,
1773038752.800897,RX,ODOM,-69,112,,,,
1773038752.807731,TX,VELOCITY,300,300,,,,
1773038752.907404,RX,ODOM,287,158,,,,
1773038752.916140,TX,VELOCITY,300,300,,,,
1773038752.971841,TX,VELOCITY,300,300,,,,
1773038753.013824,RX,ODOM,56,-316,,,,
1773038753.022601,TX,VELOCITY,300,300,,,,
1773038753.125715,RX,ODOM,-210,10,,,,
1773038753.134127,TX,VELOCITY,300,300,,,,
1773038753.171684,TX,VELOCITY,300,300,,,,
1773038753.231786,RX,ODOM,244,416,,,,
1773038753.245298,TX,VELOCITY,300,300,,,,
1773038753.338169,RX,ODOM,46,-42,,,,
1773038753.355293,TX,VELOCITY,300,300,,,,
1773038753.371673,TX,VELOCITY,300,300,,,,
1773038753.444684,RX,ODOM,-171,142,,,,
1773038753.460759,TX,VELOCITY,300,300,,,,
1773038753.551240,RX,ODOM,307,26,,,,
1773038753.571337,TX,VELOCITY,300,300,,,,
1773038753.571576,TX,VELOCITY,300,300,,,,
1773038753.593222,TX,VELOCITY,0,0,,,,
1773038753.662954,RX,ODOM,-13,-100,,,,
1773038753.763614,RX,ODOM,-40,311,,,,
1773038753.771746,TX,VELOCITY,0,0,,,,
1773038753.869546,RX,ODOM,443,32,,,,
1773038753.970513,RX,ODOM,508,-165,,,,
1773038753.971813,TX,VELOCITY,0,0,,,,
1773038754.076537,RX,ODOM,364,-100,,,,
1773038754.171752,TX,VELOCITY,0,0,,,,
1773038754.188434,RX,ODOM,208,-14,,,,
1773038754.278412,TX,VELOCITY,300,300,,,,
1773038754.294479,RX,ODOM,45,0,,,,
1773038754.371719,TX,VELOCITY,300,300,,,,
1773038754.384025,TX,VELOCITY,300,300,,,,
1773038754.400901,RX,ODOM,-1,151,,,,
1773038754.492858,TX,VELOCITY,300,300,,,,
1773038754.507346,RX,ODOM,152,-170,,,,
1773038754.571756,TX,VELOCITY,300,300,,,,
1773038754.605846,TX,VELOCITY,300,300,,,,
1773038754.613847,RX,ODOM,-162,97,,,,
1773038754.711717,TX,VELOCITY,300,300,,,,
1773038754.725597,RX,ODOM,119,180,,,,
1773038754.771718,TX,VELOCITY,300,300,,,,
1773038754.819867,TX,VELOCITY,300,300,,,,
1773038754.831623,RX,ODOM,146,-311,,,,
1773038754.931798,TX,VELOCITY,300,300,,,,
1773038754.932595,RX,ODOM,-301,-19,,,,
1773038754.971690,TX,VELOCITY,300,300,,,,
1773038755.038611,RX,ODOM,6,452,,,,
1773038755.038914,TX,VELOCITY,300,300,,,,
1773038755.145062,RX,ODOM,408,4,,,,
1773038755.151125,TX,VELOCITY,300,300,,,,
1773038755.171659,TX,VELOCITY,300,300,,,,
1773038755.256995,RX,ODOM,-62,-45,,,,
1773038755.261552,TX,VELOCITY,300,300,,,,
1773038755.346578,TX,VELOCITY,0,0,,,,
1773038755.363064,RX,ODOM,112,373,,,,
1773038755.371674,TX,VELOCITY,0,0,,,,
1773038755.469556,RX,ODOM,162,53,,,,
1773038755.570437,RX,ODOM,-2,-155,,,,
1773038755.571683,TX,VELOCITY,0,0,,,,
1773038755.609324,TX,VELOCITY,-300,-300,,,,
1773038755.676476,RX,ODOM,-7,-98,,,,
1773038755.710828,TX,VELOCITY,-300,-300,,,,
1773038755.771673,TX,VELOCITY,-300,-300,,,,
1773038755.788213,RX,ODOM,1,-28,,,,
1773038755.820034,TX,VELOCITY,-300,-300,,,,
1773038755.894291,RX,ODOM,-147,-31,,,,
1773038755.932975,TX,VELOCITY,-300,-300,,,,
1773038755.971650,TX,VELOCITY,-300,-300,,,,
1773038756.000688,RX,ODOM,195,-95,,,,
1773038756.052514,TX,VELOCITY,-300,-300,,,,
1773038756.107038,RX,ODOM,-18,19,,,,
1773038756.149804,TX,VELOCITY,-300,-300,,,,
1773038756.171661,TX,VELOCITY,-300,-300,,,,
1773038756.213394,RX,ODOM,-348,-187,,,,
1773038756.261998,TX,VELOCITY,-300,-300,,,,
1773038756.325336,RX,ODOM,76,122,,,,
1773038756.367175,TX,VELOCITY,-300,-300,,,,
1773038756.371645,TX,VELOCITY,-300,-300,,,,
1773038756.431220,RX,ODOM,-40,-52,,,,
1773038756.475729,TX,VELOCITY,-300,-300,,,,
1773038756.537635,RX,ODOM,-292,-276,,,,
1773038756.571681,TX,VELOCITY,-300,-300,,,,
1773038756.587532,TX,VELOCITY,-300,-300,,,,
1773038756.644138,RX,ODOM,180,178,,,,
1773038756.674819,TX,VELOCITY,0,0,,,,
1773038756.750631,RX,ODOM,-34,-46,,,,
1773038756.771685,TX,VELOCITY,0,0,,,,
1773038756.862437,RX,ODOM,-274,-268,,,,
1773038756.914461,TX,VELOCITY,300,300,,,,
1773038756.968461,RX,ODOM,-188,-168,,,,
1773038756.971618,TX,VELOCITY,300,300,,,,
1773038757.011431,TX,VELOCITY,300,300,,,,
1773038757.074996,RX,ODOM,240,223,,,,
1773038757.120666,TX,VELOCITY,300,300,,,,
1773038757.171603,TX,VELOCITY,300,300,,,,
1773038757.181457,RX,ODOM,27,1,,,,
1773038757.227511,TX,VELOCITY,300,300,,,,
1773038757.287952,RX,ODOM,-139,-36,,,,
1773038757.340563,TX,VELOCITY,300,300,,,,
1773038757.371644,TX,VELOCITY,300,300,,,,
1773038757.399792,RX,ODOM,396,448,,,,
1773038757.446958,TX,VELOCITY,300,300,,,,
1773038757.505773,RX,ODOM,84,105,,,,
1773038757.556212,TX,VELOCITY,300,300,,,,
1773038757.571760,TX,VELOCITY,300,300,,,,
1773038757.612408,RX,ODOM,-260,-287,,,,
1773038757.668375,TX,VELOCITY,300,300,,,,
1773038757.718755,RX,ODOM,192,121,,,,
1773038757.771695,TX,VELOCITY,300,300,,,,
1773038757.774618,TX,VELOCITY,300,300,,,,
1773038757.825279,RX,ODOM,-47,83,,,,
1773038757.886317,TX,VELOCITY,300,300,,,,
1773038757.893677,TX,VELOCITY,0,0,,,,
1773038757.937135,RX,ODOM,151,-130,,,,
1773038757.971663,TX,VELOCITY,0,0,,,,
1773038758.043191,RX,ODOM,-2,224,,,,
1773038758.144181,RX,ODOM,-202,348,,,,
1773038758.171687,TX,VELOCITY,0,0,,,,
1773038758.250188,RX,ODOM,-153,234,,,,
1773038758.351266,RX,ODOM,-72,132,,,,
1773038758.371711,TX,VELOCITY,0,0,,,,
1773038758.462155,TX,VELOCITY,-300,-300,,,,
1773038758.462587,RX,ODOM,-20,48,,,,
1773038758.568711,RX,ODOM,1,0,,,,
1773038758.571640,TX,VELOCITY,-300,-300,,,,
1773038758.576672,TX,VELOCITY,-300,-300,,,,
1773038758.675015,RX,ODOM,-127,-138,,,,
1773038758.687129,TX,VELOCITY,-300,-300,,,,
1773038758.771704,TX,VELOCITY,-300,-300,,,,
1773038758.781418,RX,ODOM,38,90,,,,
1773038758.788722,TX,VELOCITY,-300,-300,,,,
1773038758.887920,RX,ODOM,-167,-118,,,,
1773038758.899687,TX,VELOCITY,-300,-300,,,,
1773038758.971618,TX,VELOCITY,-300,-300,,,,
1773038758.993057,TX,VELOCITY,0,0,,,,
1773038758.999774,RX,ODOM,100,-87,,,,
1773038759.105911,RX,ODOM,-59,93,,,,
1773038759.171757,TX,VELOCITY,0,0,,,,
1773038759.212413,RX,ODOM,-269,42,,,,
1773038759.313386,RX,ODOM,-202,0,,,,
1773038759.371666,TX,VELOCITY,0,0,,,,
1773038759.419247,RX,ODOM,-122,0,,,,
1773038759.525546,RX,ODOM,-56,0,,,,
1773038759.571695,TX,VELOCITY,0,0,,,,
1773038759.632185,RX,ODOM,-4,0,,,,
1773038759.733034,RX,ODOM,0,0,,,,
1773038759.771673,TX,VELOCITY,0,0,,,,
1773038759.839064,RX,ODOM,0,0,,,,
1773038759.940096,RX,ODOM,0,0,,,,
1773038759.971661,TX,VELOCITY,0,0,,,,
1773038760.051479,RX,ODOM,0,0,,,,
1773038760.151978,RX,ODOM,0,0,,,,
1773038760.252574,RX,ODOM,0,0,,,,
1773038760.352917,RX,ODOM,0,0,,,,
1773038760.453439,RX,ODOM,0,0,,,,
1773038760.559380,RX,ODOM,0,0,,,,
1773038760.660463,RX,ODOM,0,0,,,,
1773038760.761024,RX,ODOM,0,0,,,,
1773038760.861430,RX,ODOM,0,0,,,,
1773038760.961933,RX,ODOM,0,0,,,,
